Category No.,Category,Subcategory No.,Subcategory Business Idea,SEO Keywords,Target Audience,Starting Budget,Short Description
1,Regional Heritage Food Processing,1,Millet Based Snack Packaging Business Ideas,"millet snack business ideas, healthy snack startup India, regional food business",Homemakers in tier-2 cities,"Under ₹10,000",Packaging and selling traditional millet snacks through local grocery stores and WhatsApp orders.
1,Regional Heritage Food Processing,2,Cold Pressed Mustard Oil Bottling Business Ideas,"cold pressed oil business ideas, mustard oil startup India, organic oil business",Farmers and rural entrepreneurs,"Under ₹50,000","Sourcing raw mustard seeds, cold pressing locally, and bottling for direct consumer sales."
1,Regional Heritage Food Processing,3,Traditional Jaggery Block Flavouring Business Ideas,"jaggery business ideas, flavoured jaggery startup India, organic sweetener business",Rural women self help groups,"Under ₹10,000",Infusing local jaggery with dry fruits and spices for niche retail packaging.
1,Regional Heritage Food Processing,4,Dehydrated Onion Garlic Flake Business Ideas,"dehydrated vegetable business ideas, onion flake startup India, food processing",Small scale agro entrepreneurs,"Under ₹50,000",Sun-drying or machine-drying onions and garlic for bulk supply to restaurants.
1,Regional Heritage Food Processing,5,Handmade Papad Rolling Agency Business Ideas,"papad making business ideas, homemade papad startup India, traditional food business",Homemakers in semi-urban areas,"Under ₹1,000",Managing a network of women rolling traditional papads from home for bulk distribution.
1,Regional Heritage Food Processing,6,Indigenous Rice Variety Packaging Business Ideas,"organic rice business ideas, native rice startup India, heritage food business",Agri-grads in rural towns,"Under ₹10,000","Cleaning, grading, and vacuum-packing native regional rice varieties for urban buyers."
1,Regional Heritage Food Processing,7,Traditional Ghee Refining & Packaging Business Ideas,"pure ghee business ideas, homemade ghee startup India, dairy business",Rural dairy farmers,"Under ₹50,000",Producing traditional bilona cow ghee and selling directly to urban health-conscious consumers.
1,Regional Heritage Food Processing,8,Spiced Buttermilk Mix Packet Business Ideas,"chaas masala business ideas, instant drink startup India, beverage business",Small scale food vendors,"Under ₹1,000",Blending dried spices and salt into ready-to-mix buttermilk sachets for local grocery shops.
1,Regional Heritage Food Processing,9,Handcrafted Herbal Salt Production Business Ideas,"herbal salt business ideas, flavored salt startup India, gourmet food business",Culinary enthusiasts in metros,"Under ₹1,000",Mixing Himalayan pink salt with dried local herbs and spices for gourmet retail.
1,Regional Heritage Food Processing,10,Malted Ragi Health Drink Powder Business Ideas,"ragi malt business ideas, health drink startup India, baby food business",Homemakers with nutrition background,"Under ₹10,000","Sprouting, roasting, and grinding ragi into nutritious health drink mixes for children."
2,Cloud Kitchen and Specialized Tiffin Operations,1,Diabetic Friendly Tiffin Delivery Business Ideas,"diabetic tiffin business ideas, low GI meal startup India, health food delivery",Home chefs with nutrition training,"Under ₹10,000",Preparing and delivering calorie-counted low-glycemic meals to working professionals with diabetes.
2,Cloud Kitchen and Specialized Tiffin Operations,2,Hostel Student Home Food Tiffin Business Ideas,"student tiffin business ideas, mess service startup India, budget food delivery",Homemakers near college hubs,"Under ₹10,000","Cooking affordable, homely vegetarian meals for out-of-town college students."
2,Cloud Kitchen and Specialized Tiffin Operations,3,Corporate High Protein Lunch Box Business Ideas,"protein meal business ideas, fitness tiffin startup India, office lunch delivery",Fitness enthusiasts and home cooks,"Under ₹10,000",Supplying macro-tracked high-protein meal boxes to corporate office workers.
2,Cloud Kitchen and Specialized Tiffin Operations,4,Regional Authentic Breakfast Cloud Kitchen Business Ideas,"breakfast delivery business ideas, regional food startup India, tiffin service",Skilled home cooks from specific states,"Under ₹10,000","Delivering specialized regional breakfast items like poha, idli, or paratha via cloud delivery."
2,Cloud Kitchen and Specialized Tiffin Operations,5,New Mother Postpartum Meal Delivery Business Ideas,"postpartum food business ideas, confinement meal startup India, new mom care",Experienced traditional cooks,"Under ₹10,000",Preparing traditional healing soups and meals for new mothers recovering at home.
2,Cloud Kitchen and Specialized Tiffin Operations,6,Midnight Shift Worker Snack Delivery Business Ideas,"night shift food business ideas, late night snack startup India, cloud kitchen",Night owls and aspiring restaurateurs,"Under ₹10,000","Preparing and delivering hot tea, coffee, and light snacks to tech parks during night shifts."
2,Cloud Kitchen and Specialized Tiffin Operations,7,Jain Dietary Specific Cloud Kitchen Business Ideas,"Jain food business ideas, pure vegetarian startup India, cloud kitchen",Traditional homemakers,"Under ₹10,000",Cooking strict root-vegetable-free meals for families adhering to Jain dietary laws.
2,Cloud Kitchen and Specialized Tiffin Operations,8,Weekly Salad Bowl Subscription Business Ideas,"salad delivery business ideas, healthy diet startup India, subscription food",Urban health conscious individuals,"Under ₹10,000",Preparing fresh vegetable and sprout salad bowls for daily subscription delivery.
2,Cloud Kitchen and Specialized Tiffin Operations,9,Toddler Tiffin Box Preparation Business Ideas,"kids tiffin business ideas, school lunch startup India, children food service",Stay-at-home mothers,"Under ₹1,000","Packing nutritious, fun-shaped lunch boxes for school children in gated communities."
2,Cloud Kitchen and Specialized Tiffin Operations,10,Weekend Special Biryani Cloud Kitchen Business Ideas,"weekend biryani business ideas, cloud kitchen startup India, food delivery",Home cooks specializing in meat dishes,"Under ₹10,000",Operating a weekend-only delivery service focusing exclusively on authentic regional biryanis.
3,Ethnic Snack and Confectionery Manufacturing,1,Millet Based Namkeen Manufacturing Business Ideas,"millet namkeen business ideas, healthy snack startup India, confectionery",Rural women entrepreneurs,"Under ₹10,000",Producing fried or roasted millet namkeen packaged in zip-lock pouches for local shops.
3,Ethnic Snack and Confectionery Manufacturing,2,Traditional Jaggery Chikki Making Business Ideas,"chikki business ideas, jaggery sweet startup India, traditional confectionery",Small scale sweet makers,"Under ₹10,000",Manufacturing peanut and sesame chikkis using pure jaggery for retail distribution.
3,Ethnic Snack and Confectionery Manufacturing,3,Handmade Rice Flour Murukku Business Ideas,"murukku business ideas, festival snack startup India, snack manufacturing",Homemakers in tier-3 towns,"Under ₹1,000",Making traditional crispy rice murukku for local grocery stores during festivals.
3,Ethnic Snack and Confectionery Manufacturing,4,Roasted Phodhi Chana Snack Packaging Business Ideas,"roasted chana business ideas, protein snack startup India, namkeen business",Young local entrepreneurs,"Under ₹10,000","Sourcing bulk roasted chickpeas, seasoning them with local spices, and packaging for retail."
3,Ethnic Snack and Confectionery Manufacturing,5,Traditional Coconut Barfi Home Production Business Ideas,"coconut sweet business ideas, Indian mithai startup India, confectionery",Home bakers and sweet makers,"Under ₹5,000",Making fresh coconut and milk barfi for local family gatherings and sweet shops.
3,Ethnic Snack and Confectionery Manufacturing,6,Spiced Banana Chip Slicing and Frying Business Ideas,"banana chips business ideas, Kerala chips startup India, snack business",Entrepreneurs in southern states,"Under ₹10,000",Slicing raw bananas and frying them in coconut oil for packaged retail distribution.
3,Ethnic Snack and Confectionery Manufacturing,7,Traditional Sattu Mix Energy Drink Manufacturing Business Ideas,"sattu business ideas, protein drink startup India, traditional beverage",Small agro processors,"Under ₹10,000",Roasting and grinding gram and barley into pure sattu powder for health-conscious buyers.
3,Ethnic Snack and Confectionery Manufacturing,8,Handmade Mathri and Khakhra Production Business Ideas,"mathri business ideas, dry snack startup India, bakery business",Homemakers,"Under ₹5,000",Baking and packaging crisp wheat mathris and khakhras for tea-time consumers.
3,Ethnic Snack and Confectionery Manufacturing,9,Amla Candy and Murabba Manufacturing Business Ideas,"amla candy business ideas, Indian gooseberry startup India, ayurvedic sweet",Rural cottage industry workers,"Under ₹10,000",Processing raw amla into sweetened dried candies and murabba for retail sale.
3,Ethnic Snack and Confectionery Manufacturing,10,Tamarind and Spiced Candy Ball Production Business Ideas,"imli candy business ideas, traditional candy startup India, sweet business",Local artisans,"Under ₹1,000",Rolling sun-dried tamarind pulp mixed with jaggery and spices into traditional candy balls.
4,Organic Health Food and Dietary Supplements,1,Cold Pressed Flaxseed Oil Supplement Bottling Business Ideas,"flaxseed oil business ideas, omega 3 supplement startup India, health food",Health conscious entrepreneurs,"Under ₹50,000",Extracting and bottling cold-pressed flaxseed oil for heart-healthy dietary supplementation.
4,Organic Health Food and Dietary Supplements,2,Sprouted Wheat Grass Powder Processing Business Ideas,"wheatgrass powder business ideas, detox supplement startup India, organic",Urban wellness enthusiasts,"Under ₹10,000","Growing, harvesting, and freeze-drying wheatgrass into consumable green powder."
4,Organic Health Food and Dietary Supplements,3,Pure Moringa Leaf Powder Packaging Business Ideas,"moringa powder business ideas, superfood startup India, organic supplement",Rural agricultural producers,"Under ₹10,000",Dehydrating and pulverizing raw moringa leaves into nutrient-dense dietary powder.
4,Organic Health Food and Dietary Supplements,4,Natural Ashwagandha Root Powder Packaging Business Ideas,"ashwagandha powder business ideas, ayurvedic supplement startup India",Traditional herbalists,"Under ₹10,000","Sourcing organic ashwagandha roots, grinding them finely, and packaging for wellness stores."
4,Organic Health Food and Dietary Supplements,5,Organic Honey Infused with Herbs Business Ideas,"herbal honey business ideas, raw honey startup India, natural health product",Beekeepers and honey farmers,"Under ₹10,000","Infusing raw organic honey with garlic, ginger, or turmeric for therapeutic retail sale."
4,Organic Health Food and Dietary Supplements,6,Traditional Herbal Chyawanprash Manufacturing Business Ideas,"chyawanprash business ideas, ayurvedic immunity startup India",Ayurvedic practitioners,"Under ₹50,000",Brewing traditional immunity-boosting chyawanprash in small batches using pure ghee and herbs.
4,Organic Health Food and Dietary Supplements,7,Sprouted Seed Mix Energy Bar Production Business Ideas,"seed bar business ideas, protein snack startup India, healthy food",Young fitness entrepreneurs,"Under ₹10,000","Binding sprouted pumpkin, sunflower, and watermelon seeds with honey into snack bars."
4,Organic Health Food and Dietary Supplements,8,Hibiscus Flower Herbal Tea Blend Business Ideas,"hibiscus tea business ideas, herbal infusion startup India, organic beverage",Botanical enthusiasts,"Under ₹5,000",Drying organic hibiscus petals and blending them with mint for retail tea bags.
4,Organic Health Food and Dietary Supplements,9,Pure Desi Cow Colostrum Supplement Packaging Business Ideas,"colostrum business ideas, immunity supplement startup India, dairy",Rural dairy entrepreneurs,"Under ₹50,000",Collecting and spray-drying pure bovine colostrum into immunity-boosting capsules.
4,Organic Health Food and Dietary Supplements,10,Raw Organic Apple Cider Vinegar Bottling Business Ideas,"apple cider vinegar business ideas, detox drink startup India",Small scale fermenters,"Under ₹50,000",Fermenting organic Himalayan apples into unfilitered raw apple cider vinegar with mother.
5,Specialty Beverage and Herbal Tea Blending,1,Tulsi Green Tea Blend Packaging Business Ideas,"tulsi tea business ideas, herbal tea startup India, beverage business",Ayurvedic product creators,"Under ₹10,000",Blending dried holy basil leaves with organic green tea leaves for packaged retail.
5,Specialty Beverage and Herbal Tea Blending,2,Rooibos and Local Spice Chai Fusion Business Ideas,"spice chai business ideas, tea blend startup India, beverage business",Tea tasting enthusiasts,"Under ₹10,000",Creating unique masala chai blends using single-origin Darjeeling tea and crushed spices.
5,Specialty Beverage and Herbal Tea Blending,3,Instant Lemon Rice Herbal Tea Sachet Business Ideas,"lemon tea business ideas, instant beverage startup India",Convenience food creators,"Under ₹5,000",Manufacturing instant dehydrated lemon tea powder sachets for office and travel use.
5,Specialty Beverage and Herbal Tea Blending,4,Rose Petal Cooling Summer Sherbet Manufacturing Business Ideas,"rose sherbet business ideas, summer drink startup India, beverage",Traditional syrup makers,"Under ₹10,000",Brewing concentrated rose petal syrups with natural sugar and cooling herbs for summer.
5,Specialty Beverage and Herbal Tea Blending,5,Bael Fruit Wood Apple Squash Production BusinessIdeas,"bael fruit squash business ideas, summer drink startup India",Agri-entrepreneurs,"Under ₹10,000",Extracting pulp from wood apples and bottling concentrated squash for digestive health.
5,Specialty Beverage and Herbal Tea Blending,6,Hibiscus and Lemongrass Cold Brew Blend Business Ideas,"cold brew tea business ideas, iced tea startup India, beverage",Beverage innovators,"Under ₹10,000",Packaging coarse-cut hibiscus and lemongrass in filter bags for cold brew tea lovers.
5,Specialty Beverage and Herbal Tea Blending,7,Amla Juice Extract Bottling Business Ideas,"amla juice business ideas, health drink startup India, beverage business",Rural processors,"Under ₹50,000","Extracting pure Indian gooseberry juice, stabilizing naturally, and bottling for wellness."
5,Specialty Beverage and Herbal Tea Blending,8,Traditional Badam Milk Drink Mix Manufacturing Business Ideas,"badam milk business ideas, almond drink startup India, beverage",Confectioners and bakers,"Under ₹10,000","Grinding almonds, saffron, and sugar into a soluble powder mix for milk enrichment."
5,Specialty Beverage and Herbal Tea Blending,9,Saffron Infused Kahwa Tea Blend Packaging Business Ideas,"kahwa tea business ideas, Kashmiri tea startup India, luxury beverage",Specialty food curators,"Under ₹10,000","Blending green tea leaves with crushed almonds, cardamom, and Kashmiri saffron threads."
5,Specialty Beverage and Herbal Tea Blending,10,Jaggery Lemon Ginger Instant Tea Powder Business Ideas,"instant tea business ideas, herbal tea startup India, beverage",Small scale food processors,"Under ₹10,000","Dehydrating ginger, lemon juice, and jaggery into a soluble block for quick herbal tea."
6,Handloom Textile Restoration and Weaving,1,Vintage Banarasi Sari Zari Repair Agency Business Ideas,"sari repair business ideas, handloom restoration startup India",Traditional artisans in Varanasi,"Under ₹1,000",Expertly mending damaged metallic threads and tear holes in heritage Banarasi saris.
6,Handloom Textile Restoration and Weaving,2,Handloom Cotton Fabric Natural Dyeing Service Business Ideas,"natural dyeing business ideas, eco textile startup India",Textile design graduates,"Under ₹10,000","Dyeing plain handloom cotton fabrics using indigo, turmeric, and madder root extracts."
6,Handloom Textile Restoration and Weaving,3,Kantha Stitch Cushion Cover Manufacturing Business Ideas,"kantha embroidery business ideas, textile craft startup India",Women artisans in West Bengal,"Under ₹1,000",Upcycling old cotton saris into layered kantha-stitched home decor cushion covers.
6,Handloom Textile Restoration and Weaving,4,Pashmina Shawl Dry Cleaning and Restoration Business Ideas,"pashmina care business ideas, shawl restoration startup India",Traditional dry cleaners in Kashmir,"Under ₹10,000",Gently hand-washing and repairing delicate pashmina wool shawls using traditional methods.
6,Handloom Textile Restoration and Weaving,5,Handspun Khadi Fabric Tote Bag Stitching Business Ideas,"khadi bag business ideas, eco friendly fashion startup India",Tailors and home sewers,"Under ₹5,000",Stitching durable shopping tote bags using raw handspun khadi fabric and canvas.
6,Handloom Textile Restoration and Weaving,6,Block Print Fabric Table Runner Production Business Ideas,"block print business ideas, textile printing startup India, decor",Craft enthusiasts,"Under ₹10,000",Printing geometric and floral wooden block patterns onto raw cotton table linens.
6,Handloom Textile Restoration and Weaving,7,Traditional Phulkari Dupatta Embroidery Agency Business Ideas,"phulkari business ideas, Punjabi craft startup India, embroidery",Women artisans in Punjab,"Under ₹1,000",Creating vibrant colorful thread embroidery on cotton dupattas for ethnic wear buyers.
6,Handloom Textile Restoration and Weaving,8,Handloom Silk Scarf Hemming and Finishing Business Ideas,"silk scarf business ideas, garment finishing startup India",Skilled tailors,"Under ₹1,000",Providing neat hand-rolled hemming and edge finishing for pure silk scarf brands.
6,Handloom Textile Restoration and Weaving,9,Patchwork Quilt Assembly from Scrap Fabric Business Ideas,"patchwork quilt business ideas, zero waste textile startup India",Home crafters,"Under ₹1,000","Stitching leftover handloom fabric scraps into warm, aesthetic winter quilts."
6,Handloom Textile Restoration and Weaving,10,Traditional Bandhani Tie and Dye Studio Business Ideas,"bandhani business ideas, tie dye startup India, textile craft",Artisans in Gujarat,"Under ₹10,000",Tying intricate knots on cotton fabric and dyeing them to produce classic bandhani patterns.
7,Traditional Terracotta and Pottery Crafts,1,Terracotta Water Bottle Manufacturing Business Ideas,"terracotta bottle business ideas, clay bottle startup India, eco craft",Potters in rural clusters,"Under ₹10,000",Firing and sealing porous clay bottles with natural beeswax for cool drinking water storage.
7,Traditional Terracotta and Pottery Crafts,2,Clay Dhoop Dani and Incense Holder Production Business Ideas,"incense holder business ideas, clay craft startup India",Traditional potters,"Under ₹1,000",Molding functional clay burners and stands for daily religious incense burning.
7,Traditional Terracotta and Pottery Crafts,3,Terracotta Plant Self Watering Spike Manufacturing Business Ideas,"watering spike business ideas, gardening craft startup India",Plant enthusiasts and potters,"Under ₹5,000",Shaping porous clay spikes that slowly release water into potted house plants.
7,Traditional Terracotta and Pottery Crafts,4,Unglazed Clay Tawa Manufacturing Business Ideas,"clay tawa business ideas, traditional cookware startup India",Skilled potters,"Under ₹10,000",Crafting flat unglazed clay griddles for slow-cooking traditional roti and flatbreads.
7,Traditional Terracotta and Pottery Crafts,5,Terracotta Wind Chime Assembly Business Ideas,"wind chime business ideas, clay craft startup India, home decor",Creative artisans,"Under ₹1,000",Firing small clay bells and stringing them together with wooden beads for outdoor decor.
7,Traditional Terracotta and Pottery Crafts,6,Miniature Clay Cooking Pot Toy Set Production Business Ideas,"clay toys business ideas, traditional toy startup India",Traditional craftspeople,"Under ₹5,000",Sculpting miniature clay kitchen utensil sets for children as traditional cultural toys.
7,Traditional Terracotta and Pottery Crafts,7,Unglazed Clay Fridge Water Pot Manufacturing Business Ideas,"clay fridge pot business ideas, earthenware startup India",Potters,"Under ₹10,000",Building large spherical clay pots with taps for natural water cooling in homes and offices.
7,Traditional Terracotta and Pottery Crafts,8,Terracotta Essential Oil Diffuser Production Business Ideas,"oil diffuser business ideas, clay craft startup India, aromatherapy",Home decor designers,"Under ₹5,000",Sculpting porous clay aroma diffusers that absorb and release essential oils slowly.
7,Traditional Terracotta and Pottery Crafts,9,Clay Bird Feeder Bowl Manufacturing Business Ideas,"bird feeder business ideas, eco friendly craft startup India",Animal lovers and potters,"Under ₹1,000",Shaping shallow hanging clay bowls for providing clean water to urban birds.
7,Traditional Terracotta and Pottery Crafts,10,Terracotta Tea Kulhad Bulk Production Business Ideas,"kulhad business ideas, tea cup startup India, ceramic alternative",Commercial potteries,"Under ₹10,000",Producing disposable unglazed clay tea cups for local tea stalls and events.
8,Eco Friendly Bamboo and Cane Utility Products,1,Bamboo Toothbrush Manufacturing and Packaging Business Ideas,"bamboo toothbrush business ideas, zero waste startup India",Eco-conscious entrepreneurs,"Under ₹10,000","Machining bamboo handles, inserting bristles, and packaging in recycled paper boxes."
8,Eco Friendly Bamboo and Cane Utility Products,2,Handwoven Bamboo Desk Organizer Production Business Ideas,"bamboo organizer business ideas, office decor startup India",Rural cane artisans,"Under ₹5,000",Weaving split bamboo strips into functional desktop stationery and pen holders.
8,Eco Friendly Bamboo and Cane Utility Products,3,Cane Laundry Hamper Manufacturing Business Ideas,"cane hamper business ideas, home storage startup India",Traditional cane weavers,"Under ₹10,000",Building sturdy laundry baskets and storage chests using woven rattan and cane.
8,Eco Friendly Bamboo and Cane Utility Products,4,Bamboo Mobile Phone Stand Production Business Ideas,"bamboo phone stand business ideas, tech accessory startup India",Wood and bamboo crafters,"Under ₹5,000",Cutting and polishing solid bamboo sections into minimalist smartphone stands.
8,Eco Friendly Bamboo and Cane Utility Products,5,Handmade Bamboo Straw Set Packaging Business Ideas,"bamboo straw business ideas, eco friendly product startup India",Sustainable product curators,"Under ₹1,000","Cleaning, cutting, and sterilizing natural bamboo tubes for reusable drinking straws."
8,Eco Friendly Bamboo and Cane Utility Products,6,Cane Plant Hanging Basket Assembly Business Ideas,"cane plant hanger business ideas, gardening startup India",Artisans,"Under ₹5,000",Weaving flexible cane vines into hanging baskets for balcony and indoor plants.
8,Eco Friendly Bamboo and Cane Utility Products,7,Bamboo Laptop Lap Tray Manufacturing Business Ideas,"bamboo lap tray business ideas, work from home startup India",Carpenters and bamboo workers,"Under ₹10,000",Constructing foldable ergonomic lap desks using compressed bamboo boards.
8,Eco Friendly Bamboo and Cane Utility Products,8,Split Bamboo Fruit Basket Production Business Ideas,"bamboo fruit basket business ideas, kitchenware startup India",Rural weavers,"Under ₹5,000",Weaving breathable round fruit bowls and vegetable baskets from split bamboo.
8,Eco Friendly Bamboo and Cane Utility Products,9,Bamboo Incense Stick Raw Agarbatti Manufacturing Business Ideas,"agarbatti stick business ideas, raw bamboo startup India",Cottage industry workers,"Under ₹10,000",Machine-cutting thin round bamboo sticks used as cores for incense sticks.
8,Eco Friendly Bamboo and Cane Utility Products,10,Cane Pet Bed Frame Construction Business Ideas,"cane pet bed business ideas, pet furniture startup India",Skilled cane furniture makers,"Under ₹10,000",Building elevated woven cane sleeping baskets for cats and small dogs.
9,Resin Art and Custom Home Decor,1,Epoxy Resin Nameplate Customization Business Ideas,"resin nameplate business ideas, custom decor startup India",Craft hobbyists and artists,"Under ₹10,000",Pouring clear epoxy resin over wooden bases with customized acrylic lettering for homes.
9,Resin Art and Custom Home Decor,2,Resin Coffee Table Top Pouring Business Ideas,"resin table business ideas, epoxy furniture startup India",Woodworkers and resin artists,"Under ₹50,000",Embedding natural river stones and wood in colored epoxy to build luxury coffee tables.
9,Resin Art and Custom Home Decor,3,Pressed Flower Resin Coaster Manufacturing Business Ideas,"resin coaster business ideas, handmade decor startup India",Floral artists,"Under ₹5,000",Preserving dried real flowers inside clear resin drink coasters for gifting.
9,Resin Art and Custom Home Decor,4,Resin Wall Clock Customization Business Ideas,"resin clock business ideas, custom wall art startup India",Creative artisans,"Under ₹10,000",Creating geode-style crystal resin wall clocks with metallic pigment swirls.
9,Resin Art and Custom Home Decor,5,Epoxy Resin Tray with Brass Handles Production Business Ideas,"resin tray business ideas, home accessory startup India",Decor designers,"Under ₹10,000",Casting serving trays with glitter and metallic flakes fitted with brass handles.
9,Resin Art and Custom Home Decor,6,Resin Photo Frame Embedding Service Business Ideas,"resin photo frame business ideas, custom gift startup India",Crafters,"Under ₹5,000",Casting custom photograph frames using tinted resin and embedded mementos.
9,Resin Art and Custom Home Decor,7,Resin Bookmark and Journal Charm Creation Business Ideas,"resin bookmark business ideas, stationery startup India",Student entrepreneurs,"Under ₹1,000",Making slim laminated resin bookmarks embedded with metallic flakes and dried leaves.
9,Resin Art and Custom Home Decor,8,Resin Crystal Geode Wall Art Production Business Ideas,"geode art business ideas, luxury wall decor startup India",Fine artists,"Under ₹10,000",Building multi-layered textured crystal resin canvas paintings mimicking natural mineral rocks.
9,Resin Art and Custom Home Decor,9,Resin Wine Stopper and Bottle Opener Crafting Business Ideas,"resin gift business ideas, bar accessory startup India",Makers,"Under ₹5,000",Casting decorative resin handles onto stainless steel wine bottle stoppers.
9,Resin Art and Custom Home Decor,10,Resin Pet Memorial Ash Preservation Service Business Ideas,"pet memorial business ideas, keepsake startup India",Pet loss grief supporters,"Under ₹10,000",Encapsulating cremated pet ashes and fur securely inside clear resin paperweights.
10,Religious Puja Kits and Festival Artifacts,1,Monthly Subscription Puja Samagri Box Business Ideas,"puja box business ideas, subscription box startup India, religious",Devotional entrepreneurs,"Under ₹10,000","Curating and delivering monthly boxes containing pure camphor, incense, and sacred threads."
10,Religious Puja Kits and Festival Artifacts,2,Handmade Cow Dung Cow-Dung Puja Cake Manufacturing Business Ideas,"cow dung cake business ideas, ritual product startup India",Rural dairy owners,"Under ₹1,000",Compressing pure desi cow dung into flat circular cakes for sacred fire rituals.
10,Religious Puja Kits and Festival Artifacts,3,Brass Puja Bell Polishing and Tuning Agency Business Ideas,"puja bell business ideas, brass artifact startup India",Metal craft workers,"Under ₹5,000","Cleaning, polishing, and tuning brass temple bells for clear resonant sound."
10,Religious Puja Kits and Festival Artifacts,4,Eco-Friendly Clay Ganesha Idol Sculpting Business Ideas,"eco friendly ganesha business ideas, festival startup India",Sculptors and artists,"Under ₹10,000",Hand-modeling biodegradable river clay Ganesha idols embedded with plant seeds.
10,Religious Puja Kits and Festival Artifacts,5,Natural Camphor Tablet Packaging Business Ideas,"camphor business ideas, puja item startup India, ritual goods",Small scalepackers,"Under ₹10,000",Packaging pure edible-grade camphor tablets in moisture-proof zip pouches.
10,Religious Puja Kits and Festival Artifacts,6,Handmade Cotton Wick Vattikuthu Production Business Ideas,"cotton wick business ideas, oil lamp startup India, ritual supply",Homemakers,"Under ₹1,000",Rolling long cotton lamp wicks used in traditional oil lamps for daily prayers.
10,Religious Puja Kits and Festival Artifacts,7,Sandalwood and Jasmine Havan Samagri Blending Business Ideas,"havan samagri business ideas, ritual herb startup India",Ayurvedic compounders,"Under ₹10,000","Mixing dried medicinal herbs, roots, and wood powders for sacred fire ceremonies."
10,Religious Puja Kits and Festival Artifacts,8,Decorative Toran Door Hanging Crafting Business Ideas,"toran business ideas, festival decor startup India, handicraft",Craftswomen,"Under ₹5,000",Sewing traditional beaded and fabric marigold flower torans for festive door decoration.
10,Religious Puja Kits and Festival Artifacts,9,Silver Plated Puja Thali Set Curation Business Ideas,"puja thali business ideas, luxury ritual gift startup India",Gift curators,"Under ₹50,000",Sourcing and assembling engraved silver-plated prayer plates and small ritual bowls.
10,Religious Puja Kits and Festival Artifacts,10,Rudraksha Mala Stringing and Energizing Service Business Ideas,"rudraksha mala business ideas, spiritual accessory startup India",Spiritual guides,"Under ₹5,000",Selecting authentic Nepali rudraksha beads and hand-stringing them into prayer malas.
11,Technical Documentation and API Copywriting,1,Developer API Documentation Writing Agency Business Ideas,"API documentation business ideas, technical writing startup India",Software engineers turned writers,"Under ₹1,000","Writing clear, comprehensive integration guides and reference manuals for software APIs."
11,Technical Documentation and API Copywriting,2,SaaS Release Notes Writing Service Business Ideas,"SaaS copywriting business ideas, product update startup India",Tech copywriters,"Under ₹1,000",Drafting engaging product release notes and feature update emails for software startups.
11,Technical Documentation and API Copywriting,3,Software User Manual Creation Agency Business Ideas,"user manual business ideas, technical documentation startup India",Ex-tech support leads,"Under ₹1,000",Creating step-by-step user guides and troubleshooting manuals for hardware and software.
11,Technical Documentation and API Copywriting,4,SDK Integration Guide Authoring Business Ideas,"SDK guide business ideas, developer relations startup India",Technical writers,"Under ₹1,000",Writing detailed software development kit integration walkthroughs for mobile apps.
11,Technical Documentation and API Copywriting,5,Cybersecurity Policy Documentation Drafting Business Ideas,"cybersecurity policy business ideas, compliance startup India",IT compliance professionals,"Under ₹1,000",Writing internal security guidelines and data privacy compliance documents for firms.
11,Technical Documentation and API Copywriting,6,Cloud Infrastructure Migration Guide Writing Business Ideas,"cloud migration documentation business ideas, IT startup India",Cloud engineers,"Under ₹1,000",Documenting cloud architecture migration steps for enterprise IT teams.
11,Technical Documentation and API Copywriting,7,Open Source Project README Optimization Business Ideas,"README writing business ideas, open source startup India",GitHub contributors,"Under ₹1,000",Rewriting and formatting open-source repository documentation to attract contributors.
11,Technical Documentation and API Copywriting,8,Database Schema Documentation Service Business Ideas,"database documentation business ideas, data startup India",Database administrators,"Under ₹1,000",Mapping and documenting complex SQL and NoSQL database schemas for tech teams.
11,Technical Documentation and API Copywriting,9,Technical Whitepaper Ghostwriting Business Ideas,"tech whitepaper business ideas, B2B writing startup India",Tech content strategists,"Under ₹1,000",Researching and writing authoritative technical whitepapers for B2B tech companies.
11,Technical Documentation and API Copywriting,10,Internal Knowledge Base Setup and Curation Business Ideas,"knowledge base business ideas, technical documentation startup India",Ex-documentation managers,"Under ₹1,000",Structuring and writing internal company wikis and Notion operational databases.
12,Regional Language Legal Translation,1,Hindi English Court Document Translation Agency Business Ideas,"legal translation business ideas, court document startup India",Bilingual legal professionals,"Under ₹1,000","Translating affidavits, petitions, and court judgments accurately between Hindi and English."
12,Regional Language Legal Translation,2,Tamil English Property Deed Translation Business Ideas,"property deed translation business ideas, legal startup India",Certified translators in Tamil Nadu,"Under ₹1,000",Translating historical land deeds and sale agreements from Tamil to English for banks.
12,Regional Language Legal Translation,3,Marathi Employment Contract Localization Business Ideas,"employment contract translation business ideas, legal startup India",Marathi legal writers,"Under ₹1,000",Translating corporate HR policies and employment agreements into regional Marathi.
12,Regional Language Legal Translation,4,Gujarati Partnership Deed Translation Service Business Ideas,"partnership deed translation business ideas, legal startup India",Gujarati bilingual experts,"Under ₹1,000",Translating business partnership deeds and trade agreements accurately for firms.
12,Regional Language Legal Translation,5,Telugu Court Evidence Transcription and Translation Business Ideas,"legal transcription business ideas, court translation startup India",Telugu legal transcribers,"Under ₹1,000",Listening to audio evidence in Telugu and translating transcripts into English for lawyers.
12,Regional Language Legal Translation,6,Bengali Will and Testament Translation Agency Business Ideas,"will translation business ideas, legal translation startup India",Bengali legal experts,"Under ₹1,000",Translating ancestral wills and probate documents from Bengali into English.
12,Regional Language Legal Translation,7,Kannada Rental Agreement Localization Service Business Ideas,"rental agreement translation business ideas, legal startup India",Kannada legal writers,"Under ₹1,000",Drafting and translating residential lease and rental agreements into regional Kannada.
12,Regional Language Legal Translation,8,Punjabi Immigration Document Translation Service Business Ideas,"immigration document translation business ideas, legal startup India",Certified Punjabi translators,"Under ₹1,000",Translating land ownership papers and police clearance certificates for immigration.
12,Regional Language Legal Translation,9,Malayalam Power of Attorney Translation Business Ideas,"power of attorney translation business ideas, legal startup India",Malayalam legal experts,"Under ₹1,000",Translating power of attorney documents for NRI property transactions in Kerala.
12,Regional Language Legal Translation,10,Notary Public Document Verification Coordination Business Ideas,"notary coordination business ideas, legal service startup India",Legal assistants,"Under ₹1,000",Coordinating regional language document translation and physical notary attestation.
13,No Code Landing Page Design Services,1,Framer Landing Page Design for Local Gyms Business Ideas,"Framer web design business ideas, local agency startup India",No-code web designers,"Under ₹1,000",Building high-conversion animated landing pages for local fitness studios using Framer.
13,No Code Landing Page Design Services,2,Webflow Portfolio Sites for Photographers Business Ideas,"Webflow portfolio business ideas, designer website startup India",Webflow developers,"Under ₹1,000","Designing sleek, lightning-fast portfolio websites for freelance wedding photographers."
13,No Code Landing Page Design Services,3,Bubble MVP Frontend Development for Founders Business Ideas,"Bubble MVP business ideas, no-code startup India, tech service",No-code developers,"Under ₹1,000",Building functional software prototypes using Bubble for non-technical startup founders.
13,No Code Landing Page Design Services,4,Carrd One-Page Portfolio for Consultants Business Ideas,"Carrd website business ideas, micro site startup India",Freelance digital creators,"Under ₹1,000","Setting up ultra-simple, affordable one-page professional websites using Carrd."
13,No Code Landing Page Design Services,5,Shopify Store Setup for Home Bakers Business Ideas,"Shopify store setup business ideas, e-commerce startup India",E-commerce specialists,"Under ₹5,000","Configuring e-commerce storefronts, payment gateways, and shipping for home bakers."
13,No Code Landing Page Design Services,6,Notion Public Workspace and Resource Hub Design Business Ideas,"Notion workspace business ideas, digital product startup India",Notion certified creators,"Under ₹1,000",Structuring public Notion knowledge bases and resource hubs for online creators.
13,No Code Landing Page Design Services,7,WordPress Local SEO Optimized Site Setup Business Ideas,"WordPress setup business ideas, local SEO startup India",Web developers,"Under ₹5,000",Building fast WordPress sites tailored for local service businesses to rank on Google.
13,No Code Landing Page Design Services,8,Typeform Lead Capture Funnel Design Business Ideas,"Typeform design business ideas, lead gen startup India",Marketing funnel designers,"Under ₹1,000",Building conditional multi-step questionnaire landing pages for real estate agents.
13,No Code Landing Page Design Services,9,Substack Publication Visual Customization Business Ideas,"Substack design business ideas, newsletter startup India",Newsletter designers,"Under ₹1,000",Customizing CSS headers and color palettes for professional Substack writers.
13,No Code Landing Page Design Services,10,Link-in-Bio Micro Site Creation for Creators Business Ideas,"link in bio business ideas, social media tool startup India",Digital designers,"Under ₹1,000",Designing custom mobile-first landing pages housing social links for creators.
14,Fractional Bookkeeping and GST Filing Assistance,1,Micro Retail Shop GST Filing Agency Business Ideas,"GST filing business ideas, retail accounting startup India",Ex-accountants and commerce grads,"Under ₹1,000",Managing monthly GSTR-1 and GSTR-3B filings for neighborhood kirana stores.
14,Fractional Bookkeeping and GST Filing Assistance,2,Freelancer Expense Tracking and Tax Prep Service Business Ideas,"freelancer tax business ideas, bookkeeping startup India",Finance professionals,"Under ₹1,000",Reconciling bank statements and preparing income tax returns for independent freelancers.
14,Fractional Bookkeeping and GST Filing Assistance,3,Cloud Kitchen Bookkeeping and Inventory Reconciliation Business Ideas,"cloud kitchen accounting business ideas, startup India",Junior accountants,"Under ₹1,000",Tracking raw material costs and daily sales reconciliation for cloud kitchen owners.
14,Fractional Bookkeeping and GST Filing Assistance,4,E-Commerce Seller Tally Data Entry Service Business Ideas,"ecommerce bookkeeping business ideas, tally startup India",Tally expert operators,"Under ₹1,000",Entering Amazon and Flipkart settlement reports into Tally accounting software.
14,Fractional Bookkeeping and GST Filing Assistance,5,Doctor Clinic Daily Cash Flow Management Business Ideas,"doctor clinic accounting business ideas, healthcare startup India",Medical accountants,"Under ₹1,000","Managing patient fee collections, pharmacy expenses, and clinic ledger balancing."
14,Fractional Bookkeeping and GST Filing Assistance,6,Café and Restaurant Payroll Management Service Business Ideas,"restaurant payroll business ideas, hospitality startup India",HR and finance grads,"Under ₹1,000","Handling staff attendance tracking, wage calculations, and compliance for local cafes."
14,Fractional Bookkeeping and GST Filing Assistance,7,Real Estate Agent Commission Accounting Service Business Ideas,"real estate bookkeeping business ideas, startup India",Finance assistants,"Under ₹1,000","Tracking brokerage commissions, TDS deductions, and expenses for property agents."
14,Fractional Bookkeeping and GST Filing Assistance,8,Transport Fleet Fuel and Expense Reconciliation Business Ideas,"transport accounting business ideas, logistics startup India",Logistics accountants,"Under ₹1,000","Reconciling diesel bills, driver advances, and toll expenses for fleet owners."
14,Fractional Bookkeeping and GST Filing Assistance,9,Startup Seed Fund Expense Tracking Agency Business Ideas,"startup bookkeeping business ideas, VC fund startup India",Chartered accountant interns,"Under ₹1,000",Monitoring burn rate and preparing financial reports for early-stage startup founders.
14,Fractional Bookkeeping and GST Filing Assistance,10,Handloom Artisan Guild Financial Record Keeping Business Ideas,"artisan bookkeeping business ideas, cooperative startup India",Community accountants,"Under ₹1,000",Maintaining raw material purchase and product sale ledgers for weaver cooperatives.
15,Ecommerce Product Listing Optimization,1,Amazon A Plus Content Creation Agency Business Ideas,"Amazon A plus content business ideas, ecommerce SEO startup India",E-commerce copywriters,"Under ₹1,000",Designing high-converting comparison charts and enhanced brand content for Amazon sellers.
15,Ecommerce Product Listing Optimization,2,Flipkart Keyword Backend Tag Optimization Service Business Ideas,"Flipkart SEO business ideas, ecommerce listing startup India",Digital marketers,"Under ₹1,000",Researching and embedding high-traffic search terms into Flipkart product backend tags.
15,Ecommerce Product Listing Optimization,3,Meesho Catalog Image Enhancement and Background Removal Business Ideas,"Meesho catalog business ideas, image editing startup India",Graphic design students,"Under ₹1,000",Editing and whitening product background photos to meet strict Meesho catalog standards.
15,Ecommerce Product Listing Optimization,4,Shopify Product Description Copywriting Agency Business Ideas,"Shopify copywriting business ideas, ecommerce startup India",Product copywriters,"Under ₹1,000","Writing persuasive, benefit-driven product descriptions for direct-to-consumer websites."
15,Ecommerce Product Listing Optimization,5,E-Commerce Infographic Banner Design Service Business Ideas,"ecommerce banner business ideas, design startup India",Graphic designers,"Under ₹1,000",Designing feature-highlighting infographic images for product image galleries.
15,Ecommerce Product Listing Optimization,6,Amazon Storefront Brand Page Design Agency Business Ideas,"Amazon storefront business ideas, brand design startup India",UI designers,"Under ₹1,000",Building multi-page brand flagship storefronts on Amazon for emerging D2C brands.
15,Ecommerce Product Listing Optimization,7,E-Commerce Product Categorization and Taxonomy Service Business Ideas,"product data business ideas, cataloging startup India",Data entry specialists,"Under ₹1,000","Organizing large inventory sheets with correct SKUs, tags, and category attributes."
15,Ecommerce Product Listing Optimization,8,Multilingual Product Listing Translation for Indian Market Business Ideas,"multilingual ecommerce business ideas, translation startup India",Bilingual copywriters,"Under ₹1,000","Translating English product listings into Hindi, Tamil, and Telugu for regional buyers."
15,Ecommerce Product Listing Optimization,9,Customer Review Sentiment Analysis for Listing Improvement Business Ideas,"review analysis business ideas, ecommerce research startup India",Market researchers,"Under ₹1,000",Analyzing negative competitor product reviews to optimize listing bullet points and features.
15,Ecommerce Product Listing Optimization,10,E-Commerce Video Demonstration Clip Editing Business Ideas,"product video editing business ideas, ecommerce startup India",Video editors,"Under ₹1,000",Editing short 15-second product usage clips for Amazon and Flipkart video carousels.
16,Remote Data Quality and Annotation Services,1,Autonomous Vehicle Lidar Point Cloud Annotation Business Ideas,"lidar annotation business ideas, AI training data startup India",Tech-savvy youth,"Under ₹1,000",Labeling 3D point cloud objects in sensor data for autonomous driving AI models.
16,Remote Data Quality and Annotation Services,2,Agricultural Crop Disease Image Tagging Agency Business Ideas,"agri data labeling business ideas, AI startup India",Agriculture graduates,"Under ₹1,000",Classifying crop leaf disease images to train agricultural AI diagnostic tools.
16,Remote Data Quality and Annotation Services,3,Medical X-Ray Bounding Box Annotation Service Business Ideas,"medical data annotation business ideas, healthcare AI startup India",Life science students,"Under ₹1,000",Drawing precise bounding boxes around anomalies in medical imaging scans for AI training.
16,Remote Data Quality and Annotation Services,4,Regional Speech Audio Transcription and Timestamping Business Ideas,"audio annotation business ideas, speech AI startup India",Bilingual transcribers,"Under ₹1,000",Transcribing regional Indian accent voice recordings with precise word timestamps.
16,Remote Data Quality and Annotation Services,5,Retail Shelf Product Recognition Data Tagging Business Ideas,"retail data labeling business ideas, computer vision startup",Commerce students,"Under ₹1,000",Tagging SKU locations on supermarket shelf photographs for computer vision models.
16,Remote Data Quality and Annotation Services,6,Satellite Imagery Land Use Polygon Annotation Business Ideas,"satellite data annotation business ideas, GIS startup India",Geography grads,"Under ₹1,000",Tracing polygon boundaries on aerial satellite imagery for urban planning AI.
16,Remote Data Quality and Annotation Services,7,Handwritten Indian Receipt Digitization and Tagging Business Ideas,"receipt data entry business ideas, OCR training startup India",Data operators,"Under ₹1,000",Transcribing messy handwritten local shop bills into structured digital JSON formats.
16,Remote Data Quality and Annotation Services,8,Sentiment Tagging for Regional Social Media Comments Business Ideas,"sentiment analysis business ideas, NLP training startup India",Literature students,"Under ₹1,000",Classifying Hinglish and regional social media text comments by emotional tone.
16,Remote Data Quality and Annotation Services,9,Sign Language Video Gesture Annotation Agency Business Ideas,"sign language data business ideas, accessibility AI startup India",Special educators,"Under ₹1,000",Annotating specific hand sign gestures in training videos for accessibility software.
16,Remote Data Quality and Annotation Services,10,E-Commerce Attribute Extraction and Normalization Business Ideas,"attribute extraction business ideas, data cleaning startup India",Data analysts,"Under ₹1,000","Extracting garment size, fabric, and color specifications from unstructured product text."
17,Transcription and Subtitling for Regional OTT,1,Tamil Web Series Closed Captioning Agency Business Ideas,"Tamil subtitling business ideas, OTT localization startup India",Bilingual media grads,"Under ₹1,000",Creating timed English closed captions for regional Tamil digital streaming series.
17,Transcription and Subtitling for Regional OTT,2,Telugu Movie Dialogue Subtitling Service Business Ideas,"Telugu subtitling business ideas, film localization startup India",Telugu cinema enthusiasts,"Under ₹1,000",Translating and syncing film dialogue subtitles for direct-to-digital movie releases.
17,Transcription and Subtitling for Regional OTT,3,Marathi Documentary Transcription and Translation Business Ideas,"Marathi transcription business ideas, documentary startup India",Marathi translators,"Under ₹1,000",Transcribing historical Marathi documentary audio and translating into English subtitles.
17,Transcription and Subtitling for Regional OTT,4,Malayalam YouTube Podcast Subtitle Generation Business Ideas,"podcast subtitling business ideas, video editing startup India",Malayalam content editors,"Under ₹1,000",Adding dynamic kinetic subtitles to Malayalam long-form podcast videos.
17,Transcription and Subtitling for Regional OTT,5,Bhojpuri Music Video Lyric Subtitling Service Business Ideas,"Bhojpuri subtitling business ideas, music video startup India",Bhojpuri speakers,"Under ₹1,000",Syncing regional folk and pop song lyrics on music videos for YouTube viewers.
17,Transcription and Subtitling for Regional OTT,6,Bengali Art Film Subtitle Translation Agency Business Ideas,"Bengali film subtitling business ideas, festival media startup India",Bengali literature grads,"Under ₹1,000",Creating poetic and accurate English subtitles for independent Bengali cinema.
17,Transcription and Subtitling for Regional OTT,7,Punjabi Comedy Skit Closed Captioning Business Ideas,"Punjabi video subtitling business ideas, comedy creator startup India",Punjabi content fans,"Under ₹1,000",Adding comedic timing subtitles and sound effect text to sketch comedy videos.
17,Transcription and Subtitling for Regional OTT,8,Kannada Educational Video Transcription Service Business Ideas,"educational transcription business ideas, edtech startup India",Kannada educators,"Under ₹1,000",Converting recorded Kannada university lectures into clean text study transcripts.
17,Transcription and Subtitling for Regional OTT,9,Assamese Cultural Video Translation and Subtitling Business Ideas,"Assamese subtitling business ideas, regional media startup India",Assamese bilinguals,"Under ₹1,000",Translating Assamese folk documentary audio into English subtitle files.
17,Transcription and Subtitling for Regional OTT,10,Gujarati Travel Vlog Subtitling and Formatting Business Ideas,"travel vlog subtitling business ideas, creator startup India",Gujarati travel creators,"Under ₹1,000",Adding clean English travel subtitles and location tags to regional vlogs.
18,CRM Data Cleanup and Pipeline Management,1,Real Estate Lead Database Scrubbing Service Business Ideas,"real estate CRM business ideas, lead cleansing startup India",Data operators,"Under ₹1,000",Removing duplicate and inactive phone numbers from real estate sales databases.
18,CRM Data Cleanup and Pipeline Management,2,B2B Tech Startup LinkedIn Lead Enrichment Agency Business Ideas,"lead enrichment business ideas, B2B sales startup India",Sales interns,"Under ₹1,000",Finding correct email addresses and job titles for target decision makers on LinkedIn.
18,CRM Data Cleanup and Pipeline Management,3,Local Clinic Patient Database Migration and Cleanup Business Ideas,"clinic CRM business ideas, healthcare data startup India",Medical admin assistants,"Under ₹1,000",Organizing scattered paper patient registers into clean digital CRM databases.
18,CRM Data Cleanup and Pipeline Management,4,Sales Pipeline Stage Hygiene and Audit Service Business Ideas,"sales pipeline audit business ideas, CRM cleanup startup India",Sales operations specialists,"Under ₹1,000",Auditing and updating stale deals in HubSpot or Salesforce for B2B companies.
18,CRM Data Cleanup and Pipeline Management,5,E-Commerce Customer Inactive List Re-Engagement Data Prep Business Ideas,"ecommerce CRM business ideas, email marketing startup India",Email marketers,"Under ₹1,000",Segmenting inactive customer email lists for targeted discount re-engagement campaigns.
18,CRM Data Cleanup and Pipeline Management,6,Educational Institute Student Inquiry Database Management Business Ideas,"edtech CRM business ideas, admission data startup India",Admin assistants,"Under ₹1,000",Sorting and tagging incoming student admission inquiries in CRM systems.
18,CRM Data Cleanup and Pipeline Management,7,Wholesale Distributor Dealer Network Data Entry Business Ideas,"distributor database business ideas, supply chain startup India",Data entry clerks,"Under ₹1,000",Compiling and maintaining active contact lists of regional product distributors.
18,CRM Data Cleanup and Pipeline Management,8,Event Attendee List Tagging and Cleanup Service Business Ideas,"event CRM business ideas, networking startup India",Event coordinators,"Under ₹1,000",Formatting business card scanner exports into clean CRM contact records.
18,CRM Data Cleanup and Pipeline Management,9,NGO Donor Database Management and Tagging Business Ideas,"NGO CRM business ideas, fundraising startup India",Non-profit volunteers,"Under ₹1,000",Organizing recurring donor contact records and contribution history in databases.
18,CRM Data Cleanup and Pipeline Management,10,Fitness Gym Member Renewal Tracking Data Service Business Ideas,"gym CRM business ideas, fitness business startup India",Gym front desk staff,"Under ₹1,000",Tracking membership expiry dates and updating engagement status in gym software.
19,Digital Archive and Document Scanning Operations,1,Ancestral Land Document Scanning and Restoration Agency Business Ideas,"document scanning business ideas, digital archive startup India",Local documentation service providers,"Under ₹10,000","Scanning, cleaning, and digitizing fragile historical land revenue and property documents."
19,Digital Archive and Document Scanning Operations,2,Old Family Photo Album Digitization Service Business Ideas,"photo scanning business ideas, memory archiving startup India",Photography enthusiasts,"Under ₹5,000",High-resolution scanning and color restoration of vintage physical family photo albums.
19,Digital Archive and Document Scanning Operations,3,School Library Book Cataloging and Barcoding Service Business Ideas,"library cataloging business ideas, school service startup India",Library science grads,"Under ₹10,000",Scanning physical book barcodes and creating digital library management databases.
19,Digital Archive and Document Scanning Operations,4,Doctor Prescription Archive Digitization Agency Business Ideas,"clinic archiving business ideas, medical startup India",Medical record clerks,"Under ₹1,000",Digitizing decades of paper patient medical prescription files for secure storage.
19,Digital Archive and Document Scanning Operations,5,Architectural Blue Print Large Format Scanning Business Ideas,"blueprint scanning business ideas, engineering startup India",Draftsmen,"Under ₹50,000",Scanning and vectorizing large architectural paper blueprints into digital CAD files.
19,Digital Archive and Document Scanning Operations,6,Local Newspaper Archive Digitization Project Business Ideas,"newspaper archiving business ideas, media startup India",Local historians,"Under ₹10,000",Digitizing aging local print newspaper editions into searchable PDF archives.
19,Digital Archive and Document Scanning Operations,7,Handwritten Ledger Book Scanning for CAs Business Ideas,"ledger scanning business ideas, CA office service startup India",Office assistants,"Under ₹10,000",Scanning old physical account ledgers for chartered accountant tax audit archives.
19,Digital Archive and Document Scanning Operations,8,Museum Artifact Cataloging and Photography Agency Business Ideas,"museum archiving business ideas, cultural startup India",History students,"Under ₹10,000",Photographing and documenting regional museum artifacts into digital inventory systems.
19,Digital Archive and Document Scanning Operations,9,Cooperative Society Member Register Digitization Business Ideas,"society archiving business ideas, residential startup India",Admin managers,"Under ₹1,000",Digitizing historical apartment society member share certificates and meeting registers.
19,Digital Archive and Document Scanning Operations,10,Legal Case File Digital Indexing Service Business Ideas,"legal archiving business ideas, law firm startup India",Legal researchers,"Under ₹1,000",Scanning and indexing old physical court case files for legal chambers.
20,Niche Remote Executive Secretarial Support,1,Founder Email Inbox Zero Management Agency Business Ideas,"executive assistant business ideas, virtual secretary startup India",Experienced administrative assistants,"Under ₹1,000","Managing, sorting, and responding to professional email inboxes for busy startup founders."
20,Niche Remote Executive Secretarial Support,2,Calendar and Time Zone Scheduling Coordination Service Business Ideas,"calendar management business ideas, remote admin startup India",Virtual assistants,"Under ₹1,000",Coordinating complex cross-time-zone meeting schedules and calendar bookings.
20,Niche Remote Executive Secretarial Support,3,Podcast Guest Booking and Outreach Coordinator Business Ideas,"podcast booking business ideas, remote agency startup India",PR assistants,"Under ₹1,000",Pitching and scheduling high-profile guests for founder-led industry podcasts.
20,Niche Remote Executive Secretarial Support,4,Travel Itinerary Planning and Booking Management Business Ideas,"travel planning business ideas, concierge startup India",Virtual concierges,"Under ₹1,000","Researching flights, boutique hotels, and ground transport for business executives."
20,Niche Remote Executive Secretarial Support,5,LinkedIn Ghostwriting and Executive Branding Support Business Ideas,"LinkedIn ghostwriting business ideas, personal branding startup India",Corporate writers,"Under ₹1,000",Drafting thought-leadership posts and managing connection requests for executives.
20,Niche Remote Executive Secretarial Support,6,Expense Report Compilation and Receipt Sorting Service Business Ideas,"expense management business ideas, admin startup India",Junior accountants,"Under ₹1,000",Compiling digital receipts and formatting monthly expense reports for executives.
20,Niche Remote Executive Secretarial Support,7,Vetted Supplier and Vendor Research Agency Business Ideas,"vendor research business ideas, procurement startup India",Procurement assistants,"Under ₹1,000",Finding and comparing vetted manufacturing and software vendors for founders.
20,Niche Remote Executive Secretarial Support,8,Digital Gift Curation and Dispatch Coordination Business Ideas,"corporate gifting business ideas, concierge startup India",Gifting coordinators,"Under ₹1,000",Selecting and arranging personalized client appreciation gifts and shipping logistics.
20,Niche Remote Executive Secretarial Support,9,Board Meeting Minutes Transcription and Summarization Business Ideas,"board meeting secretary business ideas, startup India",Corporate secretaries,"Under ₹1,000",Listening to board meeting recordings and drafting official summary minutes.
20,Niche Remote Executive Secretarial Support,10,Newsletter Sponsor Outreach and Invoice Management Business Ideas,"newsletter sponsorship business ideas, media startup India",Media coordinators,"Under ₹1,000",Reaching out to sponsors and tracking invoice payments for independent creators.
21,Regional Language YouTube Scriptwriting,1,Hindi True Crime YouTube Scriptwriting Agency Business Ideas,"true crime scriptwriting business ideas, YouTube content startup India",Storytellers and writers,"Under ₹1,000",Researching and writing gripping true crime narrative scripts for Hindi YouTube channels.
21,Regional Language YouTube Scriptwriting,2,Marathi Financial Education Video Scriptwriting Business Ideas,"finance scriptwriting business ideas, YouTube startup India",Finance grads and writers,"Under ₹1,000","Drafting simple, engaging personal finance scripts for Marathi creator channels."
21,Regional Language YouTube Scriptwriting,3,Tamil Tech Gadget Review Scriptwriting Service Business Ideas,"tech scriptwriting business ideas, YouTube channel startup India",Tech reviewers,"Under ₹1,000","Writing snappy, specification-focused video scripts for Tamil tech channels."
21,Regional Language YouTube Scriptwriting,4,Bengali Historical Mythological Story Scriptwriting Business Ideas,"mythology scriptwriting business ideas, YouTube startup India",History buffs,"Under ₹1,000",Scripting dramatic narrative videos based on Bengali history and folklore.
21,Regional Language YouTube Scriptwriting,5,Telugu Cinema Review and Analysis Scriptwriting Business Ideas,"cinema scriptwriting business ideas, movie review startup India",Film critics,"Under ₹1,000",Writing analytical and entertaining movie review video scripts for Telugu channels.
21,Regional Language YouTube Scriptwriting,6,Kannada Agriculture and Farming Tip Scriptwriting Business Ideas,"farming scriptwriting business ideas, agriculture startup India",Agri experts,"Under ₹1,000",Drafting practical organic farming and crop care scripts for Kannada agricultural channels.
21,Regional Language YouTube Scriptwriting,7,Bhojpuri Comedy Sketch Writing Agency Business Ideas,"comedy scriptwriting business ideas, entertainment startup India",Comedy writers,"Under ₹1,000",Writing humorous regional sketch comedy scripts for entertaining YouTube creators.
21,Regional Language YouTube Scriptwriting,8,Gujarati Business Success Story Scriptwriting Business Ideas,"business scriptwriting business ideas, startup India",Business writers,"Under ₹1,000",Scripting inspiring entrepreneurial biographies and business case studies in Gujarati.
21,Regional Language YouTube Scriptwriting,9,Malayalam Travel Vlog Narration Scriptwriting Business Ideas,"travel scriptwriting business ideas, vlogging startup India",Travel writers,"Under ₹1,000",Writing descriptive and engaging travel narration scripts for Malayalam vloggers.
21,Regional Language YouTube Scriptwriting,10,Punjabi Fitness and Workout Video Scriptwriting Business Ideas,"fitness scriptwriting business ideas, gym startup India",Fitness trainers,"Under ₹1,000",Drafting workout routine and nutrition advice scripts for Punjabi fitness channels.
22,Substack Newsletter Growth and Curation,1,Niche Tech Curated Link Newsletter Agency Business Ideas,"newsletter curation business ideas, Substack startup India",Tech enthusiasts,"Under ₹1,000",Curating top weekly software development and AI links for a paid tech newsletter.
22,Substack Newsletter Growth and Curation,2,Indian Real Estate Market Insight Newsletter Curation Business Ideas,"real estate newsletter business ideas, property startup India",Real estate analysts,"Under ₹1,000",Summarizing weekly municipal property registrations and price trends for subscribers.
22,Substack Newsletter Growth and Curation,3,D2C Brand Breakdown Newsletter Writing Service Business Ideas,"D2C newsletter business ideas, ecommerce startup India",Marketers,"Under ₹1,000",Analyzing successful Indian direct-to-consumer brand growth strategies in a weekly brief.
22,Substack Newsletter Growth and Curation,4,Regional Stock Market Weekly Digest Newsletter Business Ideas,"stock market newsletter business ideas, finance startup India",Fintech researchers,"Under ₹1,000",Curating small-cap stock analysis and market earnings summaries for investors.
22,Substack Newsletter Growth and Curation,5,Indian Startup Funding Round Tracker Newsletter Business Ideas,"startup funding newsletter business ideas, VC startup India",Startup analysts,"Under ₹1,000",Compiling weekly venture capital funding rounds and accelerator announcements.
22,Substack Newsletter Growth and Curation,6,Remote Job Opportunities Curated Weekly Newsletter Business Ideas,"remote job newsletter business ideas, career startup India",HR professionals,"Under ₹1,000",Curating verified remote work job openings for Indian professionals.
22,Substack Newsletter Growth and Curation,7,Parenting and Kids Activity Newsletter Curation Business Ideas,"parenting newsletter business ideas, family startup India",Early childhood educators,"Under ₹1,000",Curating weekend children events and educational DIY activity ideas for parents.
22,Substack Newsletter Growth and Curation,8,Clean Energy and EV Industry Weekly Brief Newsletter Business Ideas,"EV newsletter business ideas, green energy startup India",Energy researchers,"Under ₹1,000",Summarizing electric vehicle adoption milestones and battery tech news in India.
22,Substack Newsletter Growth and Curation,9,Independent Cinema and OTT Release Guide Newsletter Business Ideas,"OTT newsletter business ideas, film startup India",Film critics,"Under ₹1,000",Curating weekly indie movie releases and hidden gem recommendations across streaming apps.
22,Substack Newsletter Growth and Curation,10,Personal Productivity and Notion Template Newsletter Business Ideas,"productivity newsletter business ideas, creator startup India",Productivity creators,"Under ₹1,000",Sharing weekly time-management tips and digital templates with subscribers.
23,Podcast Audio Post-Production and Mixing,1,Regional Interview Podcast Dialogue Leveling Service Business Ideas,"podcast audio editing business ideas, media startup India",Audio engineers,"Under ₹1,000",Cleaning background hums and leveling dialogue volume for interview podcasts.
23,Podcast Audio Post-Production and Mixing,2,True Crime Podcast Sound Design and Atmosphere Mixing Business Ideas,"podcast sound design business ideas, audio startup India",Sound designers,"Under ₹1,000",Adding suspenseful background ambient soundscapes and foley to narrative podcasts.
23,Podcast Audio Post-Production and Mixing,3,Business Podcast Intro Outro Audio Branding Production Business Ideas,"podcast branding business ideas, audio production startup India",Music producers,"Under ₹1,000",Composing custom catchy musical jingles and voiceover intros for podcasts.
23,Podcast Audio Post-Production and Mixing,4,Multi-Speaker Remote Podcast Audio Syncing and Mastering Business Ideas,"podcast mastering business ideas, audio agency startup India",Sound editors,"Under ₹1,000",Synchronizing separate remote recording tracks and mastering for Spotify and Apple.
23,Podcast Audio Post-Production and Mixing,5,Regional Language Podcast Show Notes and Timestamping Business Ideas,"podcast show notes business ideas, content startup India",Audio transcribers,"Under ₹1,000",Listening to podcast episodes and writing detailed chapter timestamp summaries.
23,Podcast Audio Post-Production and Mixing,6,Sponsored Ad Insertion Audio Mixing for Podcastsuals Business Ideas,"podcast ad mixing business ideas, audio startup India",Audio producers,"Under ₹1,000",Seamlessly blending commercial ad reads into natural podcast audio flow.
23,Podcast Audio Post-Production and Mixing,7,Spiritual Discourse Audio Cleaning and Enhancement Business Ideas,"spiritual audio cleaning business ideas, media startup India",Audio technicians,"Under ₹1,000",Restoring old temple and ashram lecture tape recordings for clear digital listening.
23,Podcast Audio Post-Production and Mixing,8,Educational Podcast Sound Editing and Pacing Service Business Ideas,"educational podcast editing business ideas, edtech startup",Audio editors,"Under ₹1,000",Cutting dead air and enhancing vocal clarity for online course audio modules.
23,Podcast Audio Post-Production and Mixing,9,Bilingual Podcast Translation and Dubbed Audio Mixing Business Ideas,"podcast dubbing business ideas, audio startup India",Sound engineers,"Under ₹1,000",Mixing translated voiceover tracks over original podcast audio stems.
23,Podcast Audio Post-Production and Mixing,10,Microphone Hardware Setup and Acoustic Consulting for Podcasters Business Ideas,"podcast acoustic consulting business ideas, startup India",Audio consultants,"Under ₹1,000",Advising creators on room sound dampening and microphone selection via video call.
24,Short-Form Video Captioning and Clipping,1,Alex Hormozi Style Kinetic Subtitle Editing Agency Business Ideas,"short form video editing business ideas, reels startup India",Video editors,"Under ₹1,000","Adding dynamic, pop-up colored caption words to Instagram Reels and YouTube Shorts."
24,Short-Form Video Captioning and Clipping,2,Long-Form Podcast to Short Clip Extraction Service Business Ideas,"podcast clipping business ideas, content repurposing startup India",Video curators,"Under ₹1,000",Finding the most engaging 60-second moments from long podcasts and clipping them.
24,Short-Form Video Captioning and Clipping,3,Real Estate Property Tour Vertical Video Editing Business Ideas,"real estate video editing business ideas, proptech startup India",Reel editors,"Under ₹1,000",Editing fast-paced property walkthrough reels with engaging background music.
24,Short-Form Video Captioning and Clipping,4,Edtech Course Highlight Reel Clipping Service Business Ideas,"edtech video editing business ideas, startup India",Video creators,"Under ₹1,000",Cutting bite-sized teaser clips from online coaching lectures for social media ads.
24,Short-Form Video Captioning and Clipping,5,Fitness Trainer Workout Form Correction Reel Editing Business Ideas,"fitness video editing business ideas, gym startup India",Fitness video editors,"Under ₹1,000",Editing multi-angle gym workout clips with instructional text overlays.
24,Short-Form Video Captioning and Clipping,6,Restaurant Food Prep ASMR Short Video Editing Business Ideas,"food ASMR editing business ideas, restaurant startup India",Content editors,"Under ₹1,000",Enhancing kitchen sizzle sounds and crisp visual cuts for restaurant Reels.
24,Short-Form Video Captioning and Clipping,7,Motivational Speaker Speech Clipping and B-Roll Overlay Business Ideas,"motivational video editing business ideas, creator startup India",Video editors,"Under ₹1,000",Adding dramatic cinematic B-roll footage under speech audio for Instagram growth.
24,Short-Form Video Captioning and Clipping,8,E-Commerce Unboxing Vertical Video Production Business Ideas,"unboxing video editing business ideas, ecommerce startup India",Editors,"Under ₹1,000",Editing snappy product unboxing and reaction clips for brand TikTok and Reels.
24,Short-Form Video Captioning and Clipping,9,Doctor Medical Myth Busting Reel Editing Business Ideas,"medical video editing business ideas, healthcare startup India",Health editors,"Under ₹1,000",Adding clean animated text and graphics to doctor health advice short videos.
24,Short-Form Video Captioning and Clipping,10,Travel Itinerary Highlight Reel Assembly Service Business Ideas,"travel video editing business ideas, vlogging startup India",Travel editors,"Under ₹1,000","Stitching travel clips into fast, rhythmic transition reels with trending audio."
25,Stock Photography of Local Indian Life,1,Tier-3 Town Marketplace Street Photography Library Business Ideas,"stock photography business ideas, Indian stock photo startup",Street photographers,"Under ₹10,000",Capturing authentic local bazaar and vegetable market scenes for agency licensing.
25,Stock Photography of Local Indian Life,2,Traditional Indian Artisan Hand Close-Up Stock Image Agency Business Ideas,"artisan stock photo business ideas, craft photography startup",Craft photographers,"Under ₹10,000",Shooting high-resolution macro photos of weavers and potters at work.
25,Stock Photography of Local Indian Life,3,Modern Indian Corporate Office Diversity Stock Library Business Ideas,"corporate stock photo business ideas, office photography startup",Corporate photographers,"Under ₹50,000",Photographing diverse Indian professional teams working in modern tech parks.
25,Stock Photography of Local Indian Life,4,Regional Indian Festival Celebration Stock Media Agency Business Ideas,"festival stock photo business ideas, cultural media startup",Cultural photographers,"Under ₹10,000",Capturing candid regional festival rituals and family celebrations for media buyers.
25,Stock Photography of Local Indian Life,5,Indian Street Food Vendor Action Stock Photo Library Business Ideas,"street food photography business ideas, food stock startup",Food photographers,"Under ₹10,000",Shooting vibrant preparation shots of iconic Indian street food vendors.
25,Stock Photography of Local Indian Life,6,Rural Indian Farming and Agriculture Stock Image Collection Business Ideas,"agriculture photography business ideas, rural stock startup",Agri photographers,"Under ₹10,000",Documenting traditional and modern farming practices in rural Indian fields.
25,Stock Photography of Local Indian Life,7,Indian Family Multigenerational Home Life Stock Photos Business Ideas,"family stock photo business ideas, lifestyle photography startup",Lifestyle photographers,"Under ₹10,000",Photographing authentic multigenerational Indian families interacting at home.
25,Stock Photography of Local Indian Life,8,Indian Public Transport Commute Stock Video Library Business Ideas,"commute stock video business ideas, transit media startup",Videographers,"Under ₹10,000","Filming local train, metro, and auto-rickshaw commute moments in Indian metros."
25,Stock Photography of Local Indian Life,9,Traditional Indian Wedding Rituals Stock Photography Agency Business Ideas,"wedding stock photography business ideas, event startup",Wedding photographers,"Under ₹50,000",Capturing detailed cultural wedding rituals and emotional family moments.
25,Stock Photography of Local Indian Life,10,Indian Handloom Textile Close-Up Texture Stock Library Business Ideas,"textile stock photo business ideas, fabric photography startup",Textile photographers,"Under ₹10,000","Shooting high-detail texture close-ups of Banarasi, Kanjeevaram, and Khadi fabrics."
26,Retired Banker Financial Literacy Mentorship,1,Senior Citizen Retirement Portfolio Planning Mentorship Business Ideas,"retirement planning business ideas, financial mentorship startup",Retired bank managers,"Under ₹1,000",Providing one-on-one fixed-income and pension investment guidance to seniors.
26,Retired Banker Financial Literacy Mentorship,2,First-Time Home Buyer Loan Advisory Service Business Ideas,"home loan advisory business ideas, mortgage startup India",Ex-loan officers,"Under ₹1,000",Guiding young professionals through bank home loan applications and interest negotiations.
26,Retired Banker Financial Literacy Mentorship,3,Small Business Mudra Loan Application Assistance Business Ideas,"Mudra loan business ideas, small business finance startup India",Retired bank clerks,"Under ₹1,000",Helping micro-entrepreneurs prepare paperwork for government collateral-free loans.
26,Retired Banker Financial Literacy Mentorship,4,NRI NRE NRO Account Setup Consulting Service Business Ideas,"NRI banking advisory business ideas, financial startup India",Ex-NRI banking heads,"Under ₹1,000",Assisting Non-Resident Indians with bank account repatriation and compliance rules.
26,Retired Banker Financial Literacy Mentorship,5,College Student Basic Credit Card and CIBIL Building Workshops Business Ideas,"credit score education business ideas, student finance startup",Retired bank officers,"Under ₹1,000",Teaching college students how to build responsible credit scores and manage debt.
26,Retired Banker Financial Literacy Mentorship,6,Women Homemaker Savings and Mutual Fund Introduction Coaching Business Ideas,"women finance coaching business ideas, investment startup",Retired finance professionals,"Under ₹1,000","Conducting gentle, jargon-free investment workshops for homemakers looking to save."
26,Retired Banker Financial Literacy Mentorship,7,Insurance Claim Dispute Resolution Advisory Service Business Ideas,"insurance claim advisory business ideas, financial startup India",Ex-insurance bank managers,"Under ₹1,000",Assisting families in navigating complex life and health insurance claim rejections.
26,Retired Banker Financial Literacy Mentorship,8,Senior Citizen Digital Banking Safety Training Workshops Business Ideas,"digital banking safety business ideas, senior tech startup",Retired bank IT staff,"Under ₹1,000",Teaching elderly citizens how to use UPI safely and avoid online banking fraud.
26,Retired Banker Financial Literacy Mentorship,9,Micro Enterprise Working Capital Management Consulting Business Ideas,"working capital business ideas, financial advisory startup",Ex-credit managers,"Under ₹1,000",Advising small retail store owners on managing cash flow and bank credit limits.
26,Retired Banker Financial Literacy Mentorship,10,Gold Loan Appraisal and Paperwork Guidance Service Business Ideas,"gold loan advisory business ideas, financial startup India",Retired gold appraisers,"Under ₹1,000",Guiding individuals on fair valuation and safe borrowing against family gold assets.
27,Senior Citizen Companion and Errand Agency,1,Elderly Doctor Appointment Escort and Transport Service Business Ideas,"elderly companion business ideas, senior care startup India",Caring local adults,"Under ₹1,000",Accompanying senior citizens to medical checkups and waiting with them at clinics.
27,Senior Citizen Companion and Errand Agency,2,Senior Citizen Grocery and Pharmacy Doorstep Delivery Agency Business Ideas,"senior delivery business ideas, errand startup India",Local youth,"Under ₹1,000",Running weekly grocery and prescription pickup errands for home-bound seniors.
27,Senior Citizen Companion and Errand Agency,3,Elderly Digital Device Troubleshooting Home Service Business Ideas,"senior tech support business ideas, home service startup",Tech-savvy youth,"Under ₹1,000","Visiting senior homes to fix Wi-Fi routers, smartphone settings, and TV remotes."
27,Senior Citizen Companion and Errand Agency,4,Weekly Senior Citizen Social Tea Gathering and Board Game Club Business Ideas,"senior social club business ideas, community startup India",Active retirees,"Under ₹5,000",Hosting weekly community tea meetups and board game sessions for lonely seniors.
27,Senior Citizen Companion and Errand Agency,5,Utility Bill Payment and Government Paperwork Errand Agency Business Ideas,"government paperwork business ideas, senior service startup",Local assistants,"Under ₹1,000","Helping seniors pay property taxes, electricity bills, and submit pension life certificates."
27,Senior Citizen Companion and Errand Agency,6,Elderly Home Safety Modification and Handrail Installation Service Business Ideas,"senior home safety business ideas, modification startup India",Handymen,"Under ₹10,000",Installing bathroom grab bars and anti-slip mats in senior citizen homes.
27,Senior Citizen Companion and Errand Agency,7,Senior Citizen Spectacle and Hearing Aid Repair Pickup Service Business Ideas,"senior assistive device business ideas, startup India",Local couriers,"Under ₹1,000",Picking up broken spectacles or hearing aids and dropping them off at repair centers.
27,Senior Citizen Companion and Errand Agency,8,Elderly Pet Walking and Companion Animal Care Service Business Ideas,"pet care for seniors business ideas, pet startup India",Animal lovers,"Under ₹1,000",Walking pet dogs and cleaning bird cages for elderly pet owners unable to do so.
27,Senior Citizen Companion and Errand Agency,9,Senior Citizen Garden Maintenance and Lawn Care Service Business Ideas,"senior gardening business ideas, home care startup India",Gardening enthusiasts,"Under ₹1,000",Pruning potted plants and watering home gardens for senior homeowners.
27,Senior Citizen Companion and Errand Agency,10,Senior Citizen Bedtime Tele Check-In and Safety Calling Service Business Ideas,"tele check in business ideas, senior care startup India",Empathetic callers,"Under ₹1,000",Making reassuring evening phone calls to check on safety and health of living-alone seniors.
28,Vintage Book and Antique Sourcing Services,1,Secondhand College Textbook Buyback and Reselling Agency Business Ideas,"textbook reselling business ideas, student startup India",College students,"Under ₹10,000",Collecting old engineering and medical textbooks from seniors and reselling to juniors.
28,Vintage Book and Antique Sourcing Services,2,Vintage Comic Book and Graphic Novel Sourcing Service Business Ideas,"comic book business ideas, vintage collection startup India",Comic enthusiasts,"Under ₹10,000",Hunting down rare vintage Amar Chitra Katha and Raj Comics issues for collectors.
28,Vintage Book and Antique Sourcing Services,3,Antique Brass Utensil Restoration and Reselling Business Ideas,"antique brass business ideas, vintage decor startup India",Metal restorers,"Under ₹10,000","Sourcing old brass kitchenware from rural homes, polishing, and selling to interior stylists."
28,Vintage Book and Antique Sourcing Services,4,Old Classical Vinyl Record and Gramophone Sourcing Business Ideas,"vinyl record business ideas, antique music startup India",Music collectors,"Under ₹10,000",Finding vintage Bollywood and classical vinyl records and selling to audiophiles.
28,Vintage Book and Antique Sourcing Services,5,Vintage Fountain Pen Restoration and Nib Tuning Service Business Ideas,"fountain pen business ideas, vintage pen startup India",Pen enthusiasts,"Under ₹1,000",Repairing vintage Parker and Pilot fountain pens and tuning nibs for writers.
28,Vintage Book and Antique Sourcing Services,6,Pre-Owned Regional Literature Book Sourcing Service Business Ideas,"regional book business ideas, literature startup India",Book lovers,"Under ₹5,000",Sourcing out-of-print regional language novels and poetry books for libraries and readers.
28,Vintage Book and Antique Sourcing Services,7,Antique Wooden Furniture Hardware Sourcing Agency Business Ideas,"antique hardware business ideas, restoration startup India",Carpenters,"Under ₹10,000",Sourcing antique brass door knockers and handles from demolished heritage homes.
28,Vintage Book and Antique Sourcing Services,8,Vintage Postcard and Stamp Collection Sourcing Business Ideas,"philately business ideas, antique collection startup India",Stamp collectors,"Under ₹5,000",Curating collections of British India postal stamps and postcards for hobbyists.
28,Vintage Book and Antique Sourcing Services,9,Old Map and Botanical Print Reproduction Agency Business Ideas,"vintage map business ideas, decor print startup India",Print designers,"Under ₹5,000",Sourcing historical maps of Indian cities and printing high-quality framed replicas.
28,Vintage Book and Antique Sourcing Services,10,Vintage Clothing and Handloom Sari Sourcing for Designers Business Ideas,"vintage textile business ideas, fashion startup India",Fashion researchers,"Under ₹10,000",Sourcing heirloom traditional saris and vintage textiles for fashion designers.
29,Retired Teacher Home Homework Support,1,Middle School Vedic Math Home Tuition Agency Business Ideas,"vedic math tuition business ideas, education startup India",Retired school math teachers,"Under ₹1,000",Teaching speed mathematics and calculation shortcuts to middle school students at home.
29,Retired Teacher Home Homework Support,2,Primary School Handwriting Improvement Coaching Service Business Ideas,"handwriting coaching business ideas, education startup India",Retired primary teachers,"Under ₹1,000",Conducting cursive and print handwriting correction classes for school children.
29,Retired Teacher Home Homework Support,3,Class 1 to 5 Foundational Reading and Phonics Coaching Business Ideas,"phonics coaching business ideas, early learning startup India",Retired kindergarten teachers,"Under ₹1,000",Helping young children overcome reading difficulties using structured phonics methods.
29,Retired Teacher Home Homework Support,4,Regional Language Grammar and Dictation Coaching Business Ideas,"language coaching business ideas, education startup India",Retired language teachers,"Under ₹1,000",Teaching correct grammar spelling and dictation in regional mother tongues.
29,Retired Teacher Home Homework Support,5,Middle School Science Experiment Home Coaching Business Ideas,"science coaching business ideas, student startup India",Retired science teachers,"Under ₹1,000",Demonstrating safe hands-on science experiments and project work for school kids.
29,Retired Teacher Home Homework Support,6,Board Exam History and Civics Concept Coaching Business Ideas,"history coaching business ideas, board exam startup India",Retired history teachers,"Under ₹1,000",Simplifying historical timelines and civics concepts for board exam students.
29,Retired Teacher Home Homework Support,7,Primary School Homework Supervision Club Business Ideas,"homework club business ideas, after school startup India",Retired school teachers,"Under ₹1,000",Running a quiet afternoon homework completion and doubt-clearing club for kids.
29,Retired Teacher Home Homework Support,8,Sanskrit Sloka and Chanting Coaching for Children Business Ideas,"Sanskrit coaching business ideas, cultural education startup",Retired Sanskrit teachers,"Under ₹1,000",Teaching traditional Sanskrit sloka chanting and basic grammar to young students.
29,Retired Teacher Home Homework Support,9,Map Reading and Geography Atlas Coaching Service Business Ideas,"geography coaching business ideas, school startup India",Retired geography teachers,"Under ₹1,000","Teaching map reading, topography, and atlas navigation skills to students."
29,Retired Teacher Home Homework Support,10,Basic Spelling Bee and Vocabulary Coaching Workshop Business Ideas,"spelling bee coaching business ideas, education startup India",Retired English teachers,"Under ₹1,000",Conducting vocabulary building and spelling bee preparation workshops for kids.
30,Intergenerational Skill Exchange Workshops,1,Senior Citizen Knitting and Crochet Workshop for Youth Business Ideas,"knitting workshop business ideas, craft skill startup India",Elderly master knitters,"Under ₹1,000",Hosting weekend workshops where seniors teach traditional knitting to young adults.
30,Intergenerational Skill Exchange Workshops,2,Youth Digital Smartphone Editing Class for Seniors Business Ideas,"senior tech workshop business ideas, digital literacy startup",Tech-savvy students,"Under ₹1,000",Hosting community classes where youth teach smartphone photography and apps to seniors.
30,Intergenerational Skill Exchange Workshops,3,Traditional Pickle Making Masterclass by Homemakers Business Ideas,"pickle making workshop business ideas, culinary startup India",Experienced homemakers,"Under ₹5,000",Conducting hands-on workshops teaching traditional sun-dried pickle recipes to youth.
30,Intergenerational Skill Exchange Workshops,4,Elderly Storytelling and Oral History Recording Workshop Business Ideas,"storytelling workshop business ideas, cultural startup India",Local historians,"Under ₹1,000",Organizing sessions where seniors share local town history with high school students.
30,Intergenerational Skill Exchange Workshops,5,Youth Coding Mentorship for Retiring Professionals Business Ideas,"coding for seniors business ideas, tech education startup",Software engineering students,"Under ₹1,000",Teaching basic computer programming and AI prompt usage to older adults.
30,Intergenerational Skill Exchange Workshops,6,Traditional Terracotta Potting Workshop led by Potters Business Ideas,"pottery workshop business ideas, craft startup India",Aged local potters,"Under ₹5,000",Conducting community clay wheel throwing and pottery crafting masterclasses.
30,Intergenerational Skill Exchange Workshops,7,Senior Plant Grafting and Gardening Masterclass Business Ideas,"gardening workshop business ideas, horticulture startup India",Retired botanists,"Under ₹1,000","Teaching advanced plant cutting, grafting, and organic composting techniques."
30,Intergenerational Skill Exchange Workshops,8,Youth Social Media Marketing Training for Traditional Artisans Business Ideas,"digital artisan workshop business ideas, startup India",Young digital marketers,"Under ₹1,000",Teaching local handloom weavers how to photograph and upload products online.
30,Intergenerational Skill Exchange Workshops,9,Traditional Folk Song and Dance Learning Circle Business Ideas,"folk dance workshop business ideas, cultural startup India",Traditional folk artists,"Under ₹1,000",Hosting intergenerational circles preserving regional folk songs and dance steps.
30,Intergenerational Skill Exchange Workshops,10,Home Remedy and Herbal First Aid Workshop by Elders Business Ideas,"herbal remedy workshop business ideas, traditional wellness startup",Elderly wellness experts,"Under ₹1,000",Teaching natural home remedies for common colds and stomach ailments using kitchen herbs.
31,College Campus Secondhand Book Reselling,1,Engineering Semester Textbook Exchange Hub Business Ideas,"engineering book exchange business ideas, student startup India",Engineering students,"Under ₹5,000",Running a campus popup desk buying and selling previous semester technical books.
31,College Campus Secondhand Book Reselling,2,Medical Student Reference Book Buyback Agency Business Ideas,"medical book reselling business ideas, student startup India",Medical students,"Under ₹10,000",Collecting expensive clinical and anatomy textbooks from graduating doctors for juniors.
31,College Campus Secondhand Book Reselling,3,Campus Entrance Exam Prep Material Reselling Business Ideas,"exam prep book business ideas, coaching startup India",Ex-aspirants,"Under ₹5,000","Reselling used UPSC, CAT, and JEE coaching institute study modules at discount prices."
31,College Campus Secondhand Book Reselling,4,Law School Bare Acts and Case Compendium Reselling Business Ideas,"law book reselling business ideas, legal student startup India",Law students,"Under ₹5,000",Trading used Supreme Court case compendiums and constitutional law texts on campus.
31,College Campus Secondhand Book Reselling,5,Management Case Study Packet Photocopying and Distribution Business Ideas,"case study reselling business ideas, MBA startup India",MBA students,"Under ₹1,000",Compiling and distributing professor-recommended business case study reading packs.
31,College Campus Secondhand Book Reselling,6,Architecture Drafting Tool and Scale Rental Service Business Ideas,"architecture tool rental business ideas, student startup India",Senior architecture students,"Under ₹10,000","Renting out expensive drafting tables, scale rulers, and T-squares to freshman students."
31,College Campus Secondhand Book Reselling,7,Hostel Room Leaving Appliance and Mattress Reselling Business Ideas,"hostel furniture reselling business ideas, student startup India",Final year students,"Under ₹5,000","Collecting kettles, mattresses, and study lamps from graduating hostelers for incoming freshers."
31,College Campus Secondhand Book Reselling,8,Foreign Language Textbook Import and Reselling Service Business Ideas,"language book business ideas, student startup India",Language learners,"Under ₹5,000",Sourcing and reselling affordable foreign language learning workbooks on university campuses.
31,College Campus Secondhand Book Reselling,9,Design School Portfolio Print and Binding Service Business Ideas,"portfolio printing business ideas, design student startup India",Fine arts students,"Under ₹10,000",Printing and hardbound binding of final year student design portfolios.
31,College Campus Secondhand Book Reselling,10,Campus Competitive Novel and Fiction Lending Library Business Ideas,"fiction library business ideas, student reading startup India",avid readers on campus,"Under ₹5,000",Operating a peer-to-peer fiction paperback rental library inside hostel common rooms.
32,Hostel Mess Menu and Inventory Consulting,1,Hostel Mess Menu Nutrition Balancing Agency Business Ideas,"mess menu consulting business ideas, student food startup India",Nutritionists,"Under ₹1,000",Restructuring college hostel mess menus to improve protein content and reduce food waste.
32,Hostel Mess Menu and Inventory Consulting,2,Hostel Mess Grocery Bulk Procurement Sourcing Agency Business Ideas,"mess procurement business ideas, supply chain startup India",Commerce grads,"Under ₹5,000",Connecting hostel mess contractors with direct farm-gate grain and vegetable wholesalers.
32,Hostel Mess Menu and Inventory Consulting,3,Hostel Mess Food Waste Tracking and Reduction Auditing Business Ideas,"food waste audit business ideas, sustainability startup India",Environmental science students,"Under ₹1,000",Analyzing daily mess plate leftovers and suggesting portion control strategies to save costs.
32,Hostel Mess Menu and Inventory Consulting,4,Hostel Kitchen Hygiene and Food Safety Compliance Auditing Business Ideas,"mess hygiene audit business ideas, food safety startup India",Food safety auditors,"Under ₹1,000",Conducting surprise cleanliness and water quality inspections for hostel dining halls.
32,Hostel Mess Menu and Inventory Consulting,5,Hostel Mess Digital Feedback and Rating App Setup Business Ideas,"mess feedback business ideas, student app startup India",Tech students,"Under ₹1,000",Setting up simple QR-code daily food rating forms for hostel student committees.
32,Hostel Mess Menu and Inventory Consulting,6,Hostel Mess Special Festival Feast Meal Planning Service Business Ideas,"festival meal planning business ideas, catering startup India",Catering consultants,"Under ₹1,000",Designing special menu packages and vendor coordination for hostel celebration dinners.
32,Hostel Mess Menu and Inventory Consulting,7,Hostel Canteen POS Software and Billing Setup Business Ideas,"canteen POS business ideas, retail startup India",Tech operators,"Under ₹5,000",Installing digital prepaid smart-card billing systems for college hostel canteens.
32,Hostel Mess Menu and Inventory Consulting,8,Hostel Pantry Snack Vending Machine Placement Agency Business Ideas,"vending machine business ideas, retail startup India",Entrepreneurs,"Under ₹50,000",Placing healthy snack and beverage vending machines in hostel recreation lobbies.
32,Hostel Mess Menu and Inventory Consulting,9,Hostel Drinking Water RO Plant Maintenance Service Business Ideas,"RO maintenance business ideas, water purifier startup India",Technicians,"Under ₹10,000",Managing periodic filter replacements and TDS testing for hostel water purification plants.
32,Hostel Mess Menu and Inventory Consulting,10,Hostel Dining Hall Pest Control and Fumigation Agency Business Ideas,"mess pest control business ideas, hygiene startup India",Pest control providers,"Under ₹10,000",Executing safe non-toxic monthly insect and rodent fumigation for hostel kitchens.
33,Student Exam Prep Note Digitization,1,Handwritten Engineering Lecture Note Scanning and PDF Sales Business Ideas,"exam note business ideas, student study startup India",Topper engineering students,"Under ₹1,000",Scanning neat handwritten semester lecture notes and selling digital PDFs online.
33,Student Exam Prep Note Digitization,2,Medical PG Entrance Exam Flashcard Creation Agency Business Ideas,"medical flashcard business ideas, edtech startup India",Junior resident doctors,"Under ₹1,000",Creating high-yield digital flashcard decks for NEET-PG medical entrance exam prep.
33,Student Exam Prep Note Digitization,3,UPSC Civil Services Handwritten Optional Note Digitization Business Ideas,"UPSC note business ideas, civil service startup India",Cleared UPSC aspirants,"Under ₹1,000",Digitizing and indexing top-ranker optional subject classroom notes for aspirants.
33,Student Exam Prep Note Digitization,4,CA Inter and Final Exam Revision Summary Chart Creation Business Ideas,"CA revision notes business ideas, finance startup India",Chartered accountants,"Under ₹1,000",Designing concise multi-color revision flowcharts and tax summary sheets for CA students.
33,Student Exam Prep Note Digitization,5,University Previous Year Question Paper Solved Answer Key Publishing Business Ideas,"solved paper business ideas, education startup India",Academic researchers,"Under ₹1,000",Writing step-by-step solved answer keys for university semester exam papers.
33,Student Exam Prep Note Digitization,6,Law Entrance CLAT Mock Test Paper Creation Service Business Ideas,"CLAT mock test business ideas, legal edtech startup India",NLU law graduates,"Under ₹1,000",Drafting analytical legal reasoning practice question banks for CLAT exam takers.
33,Student Exam Prep Note Digitization,7,Architecture College Design Viva Presentation Template Design Business Ideas,"architecture template business ideas, student startup India",Senior architecture students,"Under ₹1,000",Creating clean digital InDesign layouts for architecture student jury presentations.
33,Student Exam Prep Note Digitization,8,MBA Entrance QA Formula Handbook Compilation Business Ideas,"MBA formula book business ideas, edtech startup India",MBA graduates,"Under ₹1,000",Compiling quantitative aptitude shortcut formulas into pocket-sized PDF guidebooks.
33,Student Exam Prep Note Digitization,9,Nursing Licensing Exam Practice Question Bank Digitization Business Ideas,"nursing exam business ideas, healthcare edtech startup India",Nursing tutors,"Under ₹1,000",Digitizing clinical nursing board exam practice multiple-choice question banks.
33,Student Exam Prep Note Digitization,10,Class 12 Board Exam Mind Map Note Production Business Ideas,"mind map study business ideas, school edtech startup India",High school toppers,"Under ₹1,000",Designing visual chapter mind map summary notes for physics and chemistry boards.
34,College Fest Sponsorship Procurement,1,College Cultural Fest Brand Sponsorship Pitch Deck Agency Business Ideas,"fest sponsorship business ideas, event startup India",Communications students,"Under ₹1,000",Designing sponsorship proposal decks and pitching local brands for college fests.
34,College Fest Sponsorship Procurement,2,Tech Fest Coding Hackathon Prize Grant Procurement Service Business Ideas,"hackathon sponsorship business ideas, tech startup India",Computer science students,"Under ₹1,000",Securing cloud credits and cash prizes from software companies for campus hackathons.
34,College Fest Sponsorship Procurement,3,Fashion Show Apparel Brand Partnership Agency Business Ideas,"fashion show sponsorship business ideas, event startup",Fashion students,"Under ₹1,000",Partnering with local clothing labels to provide wardrobe sponsorship for college fashion shows.
34,College Fest Sponsorship Procurement,4,College Sports Tournament Energy Drink Sponsorship Acquisition Business Ideas,"sports sponsorship business ideas, beverage startup India",Sports club secretaries,"Under ₹1,000",Securing beverage and merchandise sponsorship for inter-college cricket and football tournaments.
34,College Fest Sponsorship Procurement,5,Alumni Association Donation and Funding Drive Coordinator Business Ideas,"alumni fundraising business ideas, college startup India",Student council members,"Under ₹1,000",Building digital crowdfunding campaigns to raise funds from college alumni networks.
34,College Fest Sponsorship Procurement,6,Campus Literary Festival Publisher Book Stall Coordination Business Ideasiyu,"literary fest sponsorship business ideas, publishing startup",Lit fest coordinators,"Under ₹1,000",Inviting publishing houses to set up sponsored book stalls at college literary festivals.
34,College Fest Sponsorship Procurement,7,Music Concert Stage and Audio Brand Sponsorship Agency Business Ideasiyu,"concert sponsorship business ideas, audio startup India",Event management students,"Under ₹1,000",Pitching sound equipment brands for sponsorship during college battle-of-bands events.
34,College Fest Sponsorship Procurement,8,Robotics Competition Hardware Component Grant Procurement Business Ideasiyu,"robotics sponsorship business ideas, hardware startup India",Robotics club leads,"Under ₹1,000",Securing microcontrollers and electronic parts sponsorship from robotics firms.
34,College Fest Sponsorship Procurement,9,College Annual Day Souvenir Magazine Advertising Sales Business Ideasiyu,"magazine advertising business ideas, publication startup India",Student editors,"Under ₹1,000",Selling advertisement space in college annual souvenir magazines to local businesses.
34,College Fest Sponsorship Procurement,10,Placement Cell Corporate Networking Event Sponsorship Agency Business Ideasiyu,"placement sponsorship business ideas, career startup India",Placement cell reps,"Under ₹1,000",Securing corporate sponsorships for university career readiness and networking summits.
35,Mobile Campus Laundry Pickup Agency,1,Hostel Room-to-Room Laundry Collection and Delivery Service Business Ideas,"campus laundry business ideas, student service startup India",Hostel entrepreneurs,"Under ₹10,000","Collecting dirty clothes from hostel rooms, outsourcing to local dhobis, and returning folded."
35,Mobile Campus Laundry Pickup Agency,2,Student Express Dry Cleaning Drop-off Agency Business Ideas,"student dry cleaning business ideas, service startup India",Campus agents,"Under ₹1,000",Collecting blazers and formal suits for dry cleaning from university students before interviews.
35,Mobile Campus Laundry Pickup Agency,3,Sneaker Deep Cleaning and Whitening Service for College Students Business Ideas,"sneaker cleaning business ideas, footwear care startup India",Youth entrepreneurs,"Under ₹5,000",Cleaning and restoring muddy canvas and leather sneakers for style-conscious students.
35,Mobile Campus Laundry Pickup Agency,4,Hostel Bedding and Blanket Seasonal Washing Service Business Ideas,"bedding laundry business ideas, hostel service startup India",Local service providers,"Under ₹5,000",Bulk washing and sun-drying heavy winter blankets and mattresses for hostelers.
35,Mobile Campus Laundry Pickup Agency,5,Exam Season Ironing Express Delivery Service Business Ideas,"ironing service business ideas, campus startup India",Local press-walas,"Under ₹1,000",Providing overnight crisp ironing for college interview suits and uniform attire.
35,Mobile Campus Laundry Pickup Agency,6,Backpack and Luggage Deep Cleaning Service for Students Business Ideas,"backpack cleaning business ideas, service startup India",Entrepreneurs,"Under ₹5,000",Washing and repairing zippers and straps on heavily used student backpacks.
35,Mobile Campus Laundry Pickup Agency,7,Sports Kit Odor Removal and Washing Service Business Ideas,"sports gear cleaning business ideas, fitness startup India",Young entrepreneurs,"Under ₹5,000","Sanitizing and washing smelly cricket gear, football boots, and gym duffel bags."
35,Mobile Campus Laundry Pickup Agency,8,Graduation Gown Pressing and Delivery Agency Business Ideas,"graduation gown service business ideas, event startup India",Student volunteers,"Under ₹1,000",Steaming and pressing convocation robes and hoods prior to graduation ceremonies.
35,Mobile Campus Laundry Pickup Agency,9,Hostel Curtain Washing and Re-Hanging Service Business Ideas,"curtain laundry business ideas, home service startup India",Service providers,"Under ₹5,000","Taking down, washing, and re-hanging dusty hostel room window curtains."
35,Mobile Campus Laundry Pickup Agency,10,Eco-Friendly Detergent Sheet Subscription for Students Business Ideas,"detergent sheet business ideas, eco friendly startup India",E-commerce resellers,"Under ₹5,000","Selling compact, water-soluble laundry detergent sheets directly to hostel students."
36,Residential Deep Cleaning and Sanitization,1,Apartment Move-In Deep Cleaning Agency Business Ideas,"move in cleaning business ideas, residential service startup India",Cleaning entrepreneurs,"Under ₹10,000","Executing intensive floor scrubbing, bathroom descaling, and kitchen degreasing before move-in."
36,Residential Deep Cleaning and Sanitization,2,Post-Renovation Dust and Paint Splatter Removal Service Business Ideas,"post renovation cleaning business ideas, construction startup India",Specialized cleaners,"Under ₹10,000","Removing stubborn cement stains, paint drops, and fine drywall dust from new apartments."
36,Residential Deep Cleaning and Sanitization,3,Balcony Pigeon Mess Pressure Washing Service Business Ideas,"balcony cleaning business ideas, residential service startup India",Service providers,"Under ₹10,000",Sanitizing and pressure-washing bird droppings and dirt from high-rise apartment balconies.
36,Residential Deep Cleaning and Sanitization,4,Water Tank Manual Scrubbing and Chlorination Agency Business Ideas,"water tank cleaning business ideas, home service startup India",Maintenance technicians,"Under ₹10,000",Entering residential overhead and underground tanks to scrub sediment and chlorinate.
36,Residential Deep Cleaning and Sanitization,5,Kitchen Chimney Degreasing and Deep Cleaning Service Business Ideas,"chimney cleaning business ideas, appliance service startup India",Appliance cleaners,"Under ₹5,000","Disassembling kitchen exhaust chimneys, soaking in degreaser, and scrubbing oil filters."
36,Residential Deep Cleaning and Sanitization,6,Bathroom Hard Water Stain Removal and Acid Washing Business Ideas,"bathroom cleaning business ideas, home service startup India",Specialist cleaners,"Under ₹5,000",Removing stubborn white calcium scale and mineral stains from bathroom tiles and taps.
36,Residential Deep Cleaning and Sanitization,7,Window Glass High-Rise Exterior Cleaning Service Business Ideas,"window cleaning business ideas, exterior service startup India",Trained high-rise cleaners,"Under ₹10,000",Cleaning exterior glass panes of high-rise apartments using telescopic water-fed poles.
36,Residential Deep Cleaning and Sanitization,8,Mattress and Upholstery Steam Sanitization Agency Business Ideas,"mattress cleaning business ideas, upholstery startup India",Cleaning technicians,"Under ₹10,000",Using commercial hot-water extractors to sanitize dust mites and stains from beds.
36,Residential Deep Cleaning and Sanitization,9,Solar Panel Dust and Bird Dropping Cleaning Service Business Ideas,"solar panel cleaning business ideas, green energy startup India",Maintenance workers,"Under ₹10,000",Washing rooftop solar panels with deionized water to restore maximum electricity generation.
36,Residential Deep Cleaning and Sanitization,10,Wooden Floor Polishing and Waxing Service Business Ideas,"wooden floor polishing business ideas, home care startup India",Floor care specialists,"Under ₹10,000","Buffing, sanding, and applying protective wax polish to wooden parquet flooring."
37,Urban Pest Control and Prevention Agency,1,Residential Cockroach and Ant Gel Treatment Business Ideas,"pest control business ideas, cockroach treatment startup India",Licensed exterminators,"Under ₹10,000",Applying odorless German cockroach bait gels in kitchen cabinets and living spaces.
37,Urban Pest Control and Prevention Agency,2,Termite Wood Borer Pre-Construction Drilling Treatment Business Ideas,"termite control business ideas, anti termite startup India",Pest control technicians,"Under ₹50,000",Drilling holes and injecting termiticide chemicals into wooden door frames and floors.
37,Urban Pest Control and Prevention Agency,3,Bed Bug Heat Treatment and Steam Sanitization Service BusinessIdeas,"bed bug treatment business ideas, pest control startup India",Exterminators,"Under ₹50,000",Using high-temperature steam machines to eliminate bed bug infestations in mattresses.
37,Urban Pest Control and Prevention Agency,4,Residential Mosquito Fogging and Larvicide Application Business Ideas,"mosquito control business ideas, vector management startup India",Local service providers,"Under ₹10,000",Conducting outdoor thermal fogging and stagnant water larvicide treatments in societies.
37,Urban Pest Control and Prevention Agency,5,Rodent Rat Bait Station Installation and Monitoring Service Business Ideas,"rodent control business ideas, pest management startup India",Pest technicians,"Under ₹10,000",Placing tamper-proof rodent bait stations and traps around apartment basements.
37,Urban Pest Control and Prevention Agency,6,Bee Hive Safe Removal and Relocation Agency Business Ideas,"bee removal business ideas, eco pest control startup India",Beekeepers,"Under ₹10,000",Safely smoking out and relocating honeybee hives from residential balconies to farms.
37,Urban Pest Control and Prevention Agency,7,Wood Borer Chemical Injection Service for Antique Furniture Business Ideas,"wood borer treatment business ideas, furniture care startup",Restorers,"Under ₹5,000",Injecting specialized anti-borer chemicals into antique wooden furniture to stop decay.
37,Urban Pest Control and Prevention Agency,8,Bird Netting Balcony Installation Service Business Ideas,"bird netting business ideas, pigeon control startup India",Installation technicians,"Under ₹10,000",Installing heavy-duty nylon safety nets across apartment balconies to keep pigeons out.
37,Urban Pest Control and Prevention Agency,9,Fungal Mold Eradication and Wall Anti-Fungal Treatment Business Ideas,"mold removal business ideas, wall treatment startup India",Maintenance workers,"Under ₹10,000",Scraping damp wall mold and applying anti-fungal chemical primers prior to painting.
37,Urban Pest Control and Prevention Agency,10,Snake Safe Rescue and Relocation Service Business Ideas,"snake rescue business ideas, wildlife service startup India",Trained wildlife handlers,"Under ₹5,000",Responding to emergency residential calls to safely capture and release venomous snakes.
38,Water Tank Cleaning and Sanitization Service,1,Residential Overhead Plastic Water Tank Scrubbing Agency Business Ideas,"water tank cleaning business ideas, sanitation startup India",Maintenance workers,"Under ₹5,000",Vacuuming sludge and scrubbing interior walls of residential plastic water tanks.
38,Water Tank Cleaning and Sanitization Service,2,Underground RCC Sump Tank De-silting Service Business Ideas,"sump tank cleaning business ideas, water service startup India",Tank cleaning technicians,"Under ₹10,000",Entering underground concrete water sumps to pump out silt and sanitize surfaces.
38,Water Tank Cleaning and Sanitization Service,3,Apartment Society Overhead Tank UV Sterilization Service Business Ideas,"UV water tank cleaning business ideas, sanitation startup",Technicians,"Under ₹10,000",Using ultraviolet sterilization lamps to disinfect cleaned residential water storage tanks.
38,Water Tank Cleaning and Sanitization Service,4,Commercial Building Water Pipeline Flushing and Descaling Business Ideas,"pipeline flushing business ideas, plumbing startup India",Plumbers,"Under ₹10,000",Flushing mineral scale and bacterial biofilm buildup from building water distribution pipes.
38,Water Tank Cleaning and Sanitization Service,5,Borehole Submersible Pump Pulling and Tank Cleaning Business Ideas,"borewell cleaning business ideas, water service startup India",Borewell technicians,"Under ₹50,000",Pulling submersible pumps to clean deep borewell casing pipes and overhead tanks.
38,Water Tank Cleaning and Sanitization Service,6,RO Plant Raw Water Tank Periodic Maintenance Service Business Ideas,"RO tank cleaning business ideas, water treatment startup",Water technicians,"Under ₹10,000",Sanitizing raw water storage tanks for commercial reverse osmosis water plants.
38,Water Tank Cleaning and Sanitization Service,7,Overhead Tank Float Valve Repair and Water Overflow Prevention Service Business Ideas,"float valve repair business ideas, plumbing startup India",Plumbers,"Under ₹1,000",Replacing jammed water tank float valves to stop municipal water overflow wastage.
38,Water Tank Cleaning and Sanitization Service,8,Rainwater Harvesting Sump Filter Cleaning and Maintenance Business Ideas,"rainwater harvesting maintenance business ideas, eco startup India",Maintenance workers,"Under ₹5,000",Cleaning gravel and sand filter beds in residential rainwater harvesting sumps.
38,Water Tank Cleaning and Sanitization Service,9,Apartment Complex Water Quality TDS Testing and Reporting Agency Business Ideas,"water testing business ideas, lab service startup India",Science grads,"Under ₹5,000","Testing water hardness, pH, and TDS levels in residential tanks and issuing reports."
38,Water Tank Cleaning and Sanitization Service,10,Firefighting Water Reserve Tank De-silting and Check Service Business Ideas,"fire tank maintenance business ideas, safety startup India",Safety technicians,"Under ₹10,000",Inspecting and cleaning large emergency firefighting water reserve tanks in societies.
39,AC Duct and Chimney Deep Cleaning Service,1,Split AC Chemical Foam Jet Servicing Agency Business Ideas,"AC servicing business ideas, home appliance startup India",Certified technicians,"Under ₹5,000",Using pressure water jets and cooling coil cleaning foam for split air conditioners.
39,AC Duct and Chimney Deep Cleaning Service,2,Centralized AC Air Duct Vacuuming and Sanitization Business Ideas,"AC duct cleaning business ideas, HVAC startup India",HVAC specialists,"Under ₹50,000",Running robotic vacuum cameras through commercial ceiling AC ductwork to remove dust.
39,AC Duct and Chimney Deep Cleaning Service,3,Kitchen Chimney Blower Motor Ultrasonic Degreasing Business Ideas,"chimney repair business ideas, appliance service startup India",Appliance technicians,"Under ₹10,000",Dismantling kitchen chimney blower motors for deep cleaning and bearing lubrication.
39,AC Duct and Chimney Deep Cleaning Service,4,Window AC Copper Coil Leak Testing and Brazing Service Business Ideas,"AC repair business ideas, appliance service startup India",Technicians,"Under ₹5,000",Pressure testing window AC copper coils for gas leaks and brazing pinholes shut.
39,AC Duct and Chimney Deep Cleaning Service,5,Restaurant Exhaust Hood and Grease Duct Cleaning Service Business Ideas,"restaurant exhaust cleaning business ideas, kitchen startup India",Commercial cleaners,"Under ₹50,000",Scraping heavy grease and chemical degreasing restaurant kitchen commercial hoods.
39,AC Duct and Chimney Deep Cleaning Service,6,Inverter AC PCB Repair and Electronic Diagnostic Service Business Ideas,"AC PCB repair business ideas, electronics startup India",Electronics engineers,"Under ₹10,000",Diagnosing and repairing burnt inverter air conditioner control circuit boards.
39,AC Duct and Chimney Deep Cleaning Service,7,Ducted AC Fresh Air Filter Replacement and Upkeep Service Business Ideas,"HVAC filter business ideas, maintenance startup India",Service technicians,"Under ₹5,000",Replacing fiberglass air filter pads in commercial ducted air conditioning systems.
39,AC Duct and Chimney Deep Cleaning Service,8,AC Anti-Bacterial Coil Coating Application Service Business Ideas,"AC coil coating business ideas, appliance care startup India",Technicians,"Under ₹5,000",Spraying anti-corrosive hydrophilic blue coatings on AC copper condenser coils.
39,AC Duct and Chimney Deep Cleaning Service,9,Kitchen Exhaust Duct Fire Hazard Prevention Cleaning Business Ideas,"exhaust cleaning business ideas, safety startup India",Industrial cleaners,"Under ₹50,000",Removing flammable grease accumulation from high-rise restaurant exhaust ducts.
39,AC Duct and Chimney Deep Cleaning Service,10,Portable Cooler Pad Replacement and Water Pump Servicing Business Ideas,"cooler service business ideas, appliance maintenance startup",Local handymen,"Under ₹1,000",Replacing wood-wool cooling pads and servicing water pumps in desert air coolers.
40,Modular Kitchen Hardware Repair Services,1,Modular Kitchen Soft-Close Drawer Channel Replacement Service Business Ideas,"kitchen hardware business ideas, repair startup India",Carpenters,"Under ₹1,000",Replacing broken hydraulic soft-close telescopic channels in modular kitchen drawers.
40,Modular Kitchen Hardware Repair Services,2,Kitchen Cabinet Hydraulic Hinge Adjustment and Replacement Service Business Ideas,"cabinet hinge repair business ideas, carpentry startup India",Handymen,"Under ₹1,000",Fixing sagging kitchen cabinet doors by replacing hydraulic snap-on hinges.
40,Modular Kitchen Hardware Repair Services,3,Modular Kitchen Corner Carousel Mechanism Repair Service Business Ideas,"kitchen carousel repair business ideas, hardware startup India",Specialized carpenters,"Under ₹5,000",Repairing revolving magic corner wire baskets and lazy susan pantry pullouts.
40,Modular Kitchen Hardware Repair Services,4,Kitchen Chimney Touch Control Panel Repair Service Business Ideas,"chimney repair business ideas, appliance service startup India",Electronics technicians,"Under ₹5,000",Fixing unresponsive touch glass panels and circuit boards on kitchen chimneys.
40,Modular Kitchen Hardware Repair Services,5,Built-in Hob Glass Top Replacement and Gas Valve Service Business Ideas,"hob repair business ideas, appliance service startup India",Gas appliance technicians,"Under ₹5,000",Replacing shattered toughened glass tops on built-in gas cooktops and servicing valves.
40,Modular Kitchen Hardware Repair Services,6,Under-Sink RO Water Purifier Leak Repair and Tubing Replacement Business Ideas,"RO repair business ideas, plumbing startup India",Plumbers,"Under ₹1,000",Replacing leaking quick-connect push-fit tubes and booster pumps under kitchen sinks.
40,Modular Kitchen Hardware Repair Services,7,Kitchen Sink Waste Coupling and Trap Leak Repair Service Business Ideas,"sink repair business ideas, plumbing startup India",Plumbers,"Under ₹1,000",Replacing corroded stainless steel sink waste couplings and flexible PVC drainage traps.
40,Modular Kitchen Hardware Repair Services,8,Modular Kitchen Profile LED Strip Lighting Installation Service Business Ideas,"kitchen lighting business ideas, electrical startup India",Electricians,"Under ₹5,000",Installing concealed aluminum profile LED strip lighting under kitchen overhead cabinets.
40,Modular Kitchen Hardware Repair Services,9,Kitchen Pantry Pull-Out Tall Unit Basket Realignment Service Business Ideas,"tall unit repair business ideas, carpentry startup India",Carpenters,"Under ₹1,000",Realigning heavy multi-tier wire pull-out pantry towers in modular kitchens.
40,Modular Kitchen Hardware Repair Services,10,Kitchen Countertop Granite Crack Epoxy Filling Service Business Ideas,"granite repair business ideas, home service startup India",Stone restoration workers,"Under ₹5,000",Color-matching epoxy resin to fill hairline cracks and chips in granite countertops.
41,Sofa and Upholstery Dry Cleaning at Home,1,Fabric Sofa Deep Shampooing and Extraction Service Business Ideas,"sofa cleaning business ideas, upholstery startup India",Cleaning technicians,"Under ₹10,000",Injecting foaming detergent and vacuuming dirt from fabric lounge sofas at home.
41,Sofa and Upholstery Dry Cleaning at Home,2,Leather Sofa Conditioning and Nourishing Treatment Business Ideas,"leather sofa cleaning business ideas, home service startup",Upholstery specialists,"Under ₹5,000",Cleaning leather sofa surfaces and applying natural lanolin conditioning oils to prevent cracking.
41,Sofa and Upholstery Dry Cleaning at Home,3,Dining Chair Cushion Steam Cleaning Service Business Ideas,"chair cleaning business ideas, upholstery startup India",Cleaning operators,"Under ₹5,000",Steam sanitizing fabric dining table chairs and office ergonomic desk chairs.
41,Sofa and Upholstery Dry Cleaning at Home,4,Car Seat Fabric Shampooing and Odor Removal Service Business Ideas,"car seat cleaning business ideas, auto detailing startup",Detailing technicians,"Under ₹10,000",Shampooing cloth car seats and floor carpets to remove stains and stubborn odors.
41,Sofa and Upholstery Dry Cleaning at Home,5,Fabric Headboard and Bed Frame Dry Cleaning Service Business Ideas,"headboard cleaning business ideas, bedroom care startup India",Cleaners,"Under ₹5,000",Deep cleaning upholstered velvet and fabric bedroom headboards in place.
41,Sofa and Upholstery Dry Cleaning at Home,6,Curtain Steam Cleaning Without Removal Service Business Ideas,"curtain cleaning business ideas, home service startup India",Cleaning specialists,"Under ₹10,000",Using upright steam wands to sanitize heavy living room curtains while hanging.
41,Sofa and Upholstery Dry Cleaning at Home,7,Office Reception Sofa Set Velvet Restoration Service Business Ideas,"office sofa cleaning business ideas, commercial startup",Cleaners,"Under ₹10,000",Brushing and steam cleaning commercial reception velvet and fabric lounge seating.
41,Sofa and Upholstery Dry Cleaning at Home,8,Baby Stroller and Car Seat Sanitization Service Business Ideas,"baby gear cleaning business ideas, parenting startup India",Baby care service providers,"Under ₹5,000",Dismantling and organic steam-washing fabric baby strollers and car seats.
41,Sofa and Upholstery Dry Cleaning at Home,9,Home Theater Recliner Chair Mechanism and Upholstery Care Business Ideas,"recliner cleaning business ideas, furniture startup India",Technicians,"Under ₹5,000",Lubricating recliner metal tracks and dry cleaning synthetic leather upholstery.
41,Sofa and Upholstery Dry Cleaning at Home,10,Pet Hair Removal and Odor Neutralizing Sofa Treatment Business Ideas,"pet hair cleaning business ideas, upholstery startup India",Pet cleaning specialists,"Under ₹5,000",Using rubber bristle brushes and enzyme sprays to eliminate pet hair and odors from sofas.
42,Doorstep Shoe Laundry and Sneaker Care,1,Sneaker Deep Cleaning and Midsole Whitening Service Business Ideas,"sneaker cleaning business ideas, footwear care startup India",Sneaker enthusiasts,"Under ₹5,000",Scrubbing canvas uppers and applying chemical whitening creams to yellowed midsoles.
42,Doorstep Shoe Laundry and Sneaker Care,2,Leather Formal Shoe Polishing and Conditioning Service Business Ideas,"shoe shining business ideas, footwear care startup India",Cobblers and shoe care pros,"Under ₹1,000",Conditioning leather dress shoes with beeswax polish and shining to mirror finish.
42,Doorstep Shoe Laundry and Sneaker Care,3,Suede and Nubuck Shoe Restoration and Dyeing Business Ideas,"suede care business ideas, footwear restoration startup",Shoe artisans,"Under ₹5,000",Using brass wire brushes and specialized suede dyes to restore faded nubuck shoes.
42,Doorstep Shoe Laundry and Sneaker Care,4,Running Shoe Deodorizing and UV Sanitization Service Business Ideas,"shoe sanitization business ideas, fitness startup India",Service providers,"Under ₹5,000",Placing athletic shoes in ozone UV cabinets to kill bacteria and eliminate sweat odors.
42,Doorstep Shoe Laundry and Sneaker Care,5,Handbag and Leather Wallet Cleaning Service Business Ideas,"handbag cleaning business ideas, luxury care startup India",Leather care experts,"Under ₹5,000",Cleaning designer leather handbags and conditioning hardware straps.
42,Doorstep Shoe Laundry and Sneaker Care,6,Boot Heel Replacement and Sole Resubbing Service Business Ideas,"boot repair business ideas, cobbler startup India",Skilled cobblers,"Under ₹5,000",Replacing worn rubber shoe heels and gluing detached rubber outsoles.
42,Doorstep Shoe Laundry and Sneaker Care,7,Backpack Strap Repair and Zippers Replacement Service Business Ideas,"backpack repair business ideas, tailoring startup India",Tailors,"Under ₹1,000",Stitching torn shoulder straps and replacing jammed YKK zippers on bags.
42,Doorstep Shoe Laundry and Sneaker Care,8,Canvas Shoe Custom Hand Painting Service Business Ideas,"shoe painting business ideas, custom fashion startup India",Artists,"Under ₹5,000",Painting custom floral and anime artwork onto plain white canvas sneakers.
42,Doorstep Shoe Laundry and Sneaker Care,9,Traditional Mojari Leather Footwear Softening Service Business Ideas,"mojari care business ideas, ethnic footwear startup India",Traditional artisans,"Under ₹1,000",Stretching and applying softening oils to stiff traditional leather juttis.
42,Doorstep Shoe Laundry and Sneaker Care,10,Waterproof Spray Application Service for Footwear Business Ideas,"waterproof spray business ideas, shoe care startup India",Shoe care providers,"Under ₹5,000",Spraying nanotech hydrophobic protective coats on suede and fabric shoes.
43,Balcony Bird Netting and Grill Installation,1,High-Rise Apartment Nylon Pigeon Net Installation Business Ideas,"bird netting business ideas, balcony safety startup India",Installation technicians,"Under ₹10,000",Fitting transparent nylon nets across high-rise balconies to prevent bird entry.
43,Balcony Bird Netting and Grill Installation,2,Invisible SS Wire Balcony Railing Safety Installation Business Ideas,"invisible grill business ideas, balcony safety startup",Fabricators,"Under ₹50,000",Installing high-tensile stainless steel wire grills for unobstructed balcony views.
43,Balcony Bird Netting and Grill Installation,3,Balcony Mosquito Net Sliding Door Fitting Service Business Ideas,"mosquito net door business ideas, home safety startup India",Carpenters,"Under ₹10,000",Installing sliding fiberglass mesh doors on balcony openings to keep mosquitoes out.
43,Balcony Bird Netting and Grill Installation,4,Cat Proof Balcony Safety Netting Installation Business Ideas,"cat safety net business ideas, pet care startup India",Pet safety installers,"Under ₹10,000",Installing heavy-duty steel-reinforced safety nets to prevent pet cats from falling.
43,Balcony Bird Netting and Grill Installation,5,Balcony Artificial Grass Carpet Laying Service Business Ideas,"artificial grass business ideas, balcony decor startup India",Landscapers,"Under ₹10,000",Measuring and pasting UV-resistant synthetic turf carpets on balcony floors.
43,Balcony Bird Netting and Grill Installation,6,Vertical Garden Trellis Setup on Balcony Walls Business Ideas,"vertical garden business ideas, balcony startup India",Gardeners,"Under ₹5,000",Mounting wooden wall trellises and hanging planters on apartment balconies.
43,Balcony Bird Netting and Grill Installation,7,Balcony Weatherproof Roller Blind Installation Business Ideas,"balcony blinds business ideas, home decor startup India",Blind fitters,"Under ₹10,000",Installing bamboo or PVC outdoor roller blinds to shield balconies from heavy rain.
43,Balcony Bird Netting and Grill Installation,8,Balcony Clothes Drying Ceiling Pulley Hanger Installation Business Ideas,"ceiling clothes hanger business ideas, home startup",Handymen,"Under ₹5,000",Drilling ceiling anchors and installing pulley-operated clothes drying lines in balconies.
43,Balcony Bird Netting and Grill Installation,9,Balcony Railing Flower Box Bracket Welding and Fitting Business Ideas,"flower box bracket business ideas, startup India",Welders,"Under ₹5,000",Welding custom metal brackets to mount railing flower pots safely on balconies.
43,Balcony Bird Netting and Grill Installation,10,Balcony LED Fairy Light and Waterproof Strip Setup Business Ideas,"balcony lighting business ideas, home decor startup India",Electricians,"Under ₹5,000",Installing warm weatherproof outdoor fairy lights and bistro bulbs on balconies.
44,Solar Panel Cleaning and Maintenance Service,1,Residential Rooftop Solar Panel Pure Water Washing Service Business Ideas,"solar cleaning business ideas, green energy startup India",Maintenance workers,"Under ₹10,000",Washing residential solar panels using deionized water telescopic pole brushes.
44,Solar Panel Cleaning and Maintenance Service,2,Commercial Solar Plant Inverter Diagnostic Testing Service Business Ideas,"solar inverter service business ideas, energy startup India",Electrical technicians,"Under ₹10,000",Testing solar inverter efficiency and checking DC string electrical continuity.
44,Solar Panel Cleaning and Maintenance Service,3,Rooftop Solar Panel Bird Proofing Mesh Installation Business Ideas,"solar bird proofing business ideas, green startup India",Installers,"Under ₹10,000",Fitting galvanized wire mesh around solar panel perimeters to prevent pigeon nesting.
44,Solar Panel Cleaning and Maintenance Service,4,Solar Panel Thermal Imaging Hotspot Detection Agency Business Ideas,"solar thermal imaging business ideas, energy audit startup",Technicians,"Under ₹50,000",Using infrared thermal cameras to detect faulty defective solar cells in arrays.
44,Solar Panel Cleaning and Maintenance Service,5,Off-Grid Solar Battery Bank Maintenance and Water Top-Up Service Business Ideas,"solar battery maintenance business ideas, energy startup",Battery technicians,"Under ₹5,000",Checking lead-acid solar battery electrolyte levels and topping up with distilled water.
44,Solar Panel Cleaning and Maintenance Service,6,Solar Panel Tilt Angle Optimization and Re-alignment Service Business Ideas,"solar tilt optimization business ideas, energy startup India",Solar technicians,"Under ₹10,000",Adjusting rooftop mounting structure angles to maximize seasonal sunlight capture.
44,Solar Panel Cleaning and Maintenance Service,7,Residential Solar Panel Output Monitoring App Setup Service Business Ideas,"solar monitoring business ideas, smart home startup India",Tech assistants,"Under ₹1,000",Configuring Wi-Fi inverter data loggers and phone monitoring apps for homeowners.
44,Solar Panel Cleaning and Maintenance Service,8,Micro-Inverter Replacement and DC Cable Repair Service Business Ideas,"solar repair business ideas, renewable energy startup India",Electricians,"Under ₹10,000",Replacing damaged rooftop DC cables and micro-inverter units safely.
44,Solar Panel Cleaning and Maintenance Service,9,Solar Panel Lightning Arrester Grounding Inspection Service Business Ideas,"solar grounding inspection business ideas, electrical startup",Electrical safety testers,"Under ₹10,000",Testing rooftop solar lightning surge protection earthing pit resistance.
44,Solar Panel Cleaning and Maintenance Service,10,Aged Solar Panel Glass Anti-Reflective Coating Application Business Ideas,"solar coating business ideas, green tech startup India",Solar service techs,"Under ₹10,000",Applying restorative nanotech anti-reflective coatings to weathered solar glass.
45,Smart Door Lock Installation Service,1,Biometric Fingerprint Smart Door Lock Installation Service Business Ideas,"smart lock installation business ideas, home tech startup India",Locksmiths and technicians,"Under ₹5,000",Installing digital fingerprint and keypad deadbolt locks on residential wooden doors.
45,Smart Door Lock Installation Service,2,Video Door Phone and Intercom Setup Service Business Ideas,"video door phone business ideas, home security startup India",Security technicians,"Under ₹10,000",Mounting outdoor camera panels and indoor LCD video monitors for apartments.
45,Smart Door Lock Installation Service,3,Smart Gate Motor Automation and Remote Setup Service Business Ideas,"gate automation business ideas, smart home startup India",Gate technicians,"Under ₹50,000",Installing sliding gate electronic motors and programming wireless remote clickers.
45,Smart Door Lock Installation Service,4,Wi-Fi Smart Security Camera Installation and Configuration Service Business Ideas,"security camera installation business ideas, smart home startup",Tech installers,"Under ₹5,000",Mounting wireless pan-tilt security cameras and setting up phone viewing apps.
45,Smart Door Lock Installation Service,5,Smart Video Doorbell Wiring and Cloud App Configuration Service Business Ideas,"video doorbell business ideas, smart home startup India",Technicians,"Under ₹5,000",Wiring smart doorbells to existing chime boxes and configuring mobile alerts.
45,Smart Door Lock Installation Service,6,Digital Hotel Room RFID Key Card Lock Programming Service Business Ideas,"hotel lock programming business ideas, hospitality startup India",Locksmiths,"Under ₹10,000",Installing and programming RFID keycard mortise locks for small boutique hotels.
45,Smart Door Lock Installation Service,7,Smart Curtain Motor and Rail Track Installation Service Business Ideas,"smart curtain installation business ideas, home tech startup",Interior technicians,"Under ₹10,000",Mounting motorized curtain tracks and syncing with voice assistant smart hubs.
45,Smart Door Lock Installation Service,8,Smart Lighting Switch Automation and Hub Setup Service Business Ideas,"smart lighting installation business ideas, home automation startup",Electricians,"Under ₹5,000",Replacing standard wall switches with smart Wi-Fi touch switches and configuring apps.
45,Smart Door Lock Installation Service,9,Smart Gas Leak Detector and Automatic Shut-Off Valve Installation Business Ideas,"gas detector installation business ideas, safety startup India",Plumbers and techs,"Under ₹10,000",Installing smart LPG gas sensors connected to motorized automatic pipeline shut-off valves.
45,Smart Door Lock Installation Service,10,Smart Water Leak Sensor and Main Valve Auto Shut-Off Installation Business Ideas,"water leak sensor business ideas, smart home startup India",Plumbers,"Under ₹10,000",Placing floor water leak detectors linked to smart motorized main water supply valves.
46,Stray Animal Vaccination and Care Agency,1,Community Stray Dog Anti-Rabies Vaccination Drive Coordination Business Ideas,"dog vaccination business ideas, animal welfare startup India",Animal welfare workers,"Under ₹10,000",Coordinating with municipal vets to vaccinate street dogs against rabies in colonies.
46,Stray Animal Vaccination and Care Agency,2,Stray Cat Sterilization and TNR Transport Agency Business Ideas,"cat sterilization business ideas, animal rescue startup India",Animal rescuers,"Under ₹10,000","Trapping, transporting, and returning stray cats for trap-neuter-return veterinary surgeries."
46,Stray Animal Vaccination and Care Agency,3,Stray Animal Reflective Collar Fitting Campaign Business Ideas,"animal safety collar business ideas, welfare startup India",Animal volunteers,"Under ₹1,000",Fitting luminous reflective neck collars on street dogs to prevent night road accidents.
46,Stray Animal Vaccination and Care Agency,4,Community Stray Animal First Aid and Wound Care Agency Business Ideas,"animal first aid business ideas, welfare startup India",Trained animal handlers,"Under ₹5,000","Treating minor wounds, maggot infestations, and skin infections on street animals."
46,Stray Animal Vaccination and Care Agency,5,Recycled Material Stray Animal Winter Shelter Box Construction Business Ideas,"animal shelter business ideas, eco friendly startup India",Youth volunteers,"Under ₹5,000",Building insulated waterproof outdoor pet houses out of heavy-duty cardboard and tarpaulin.
46,Stray Animal Vaccination and Care Agency,6,Stray Animal Water Bowl Placement and Maintenance Network Business Ideas,"animal water bowl business ideas, welfare startup India",Community volunteers,"Under ₹1,000",Placing and maintaining permanent cement water bowls outside residential gates for strays.
46,Stray Animal Vaccination and Care Agency,7,Injured Bird Rescue and First Aid Coordination Agency Business Ideas,"bird rescue business ideas, wildlife startup India",Bird lovers,"Under ₹1,000",Rescuing kite-string injured birds and coordinating transport with charitable avian hospitals.
46,Stray Animal Vaccination and Care Agency,8,Stray Animal Organic Food Donation Coordination Agency Business Ideas,"animal feeding business ideas, welfare startup India",Community organizers,"Under ₹5,000",Collecting surplus wedding food and distributing nutritious meals to local stray packs.
46,Stray Animal Vaccination and Care Agency,9,Stray Puppy Foster Care and Adoption Matching Agency Business Ideas,"puppy adoption business ideas, rescue startup India",Foster volunteers,"Under ₹5,000",Fostering rescued street puppies at home and vetting families for permanent adoption.
46,Stray Animal Vaccination and Care Agency,10,Stray Animal Tick and Flea Medicated Bath Campaign Business Ideas,"animal pest treatment business ideas, welfare startup India",Pet care workers,"Under ₹5,000",Administering safe anti-tick spot-on treatments and medicated baths to community dogs.
47,Pet Grooming at Home Service,1,Doorstep Dog Breed-Specific Haircut and Bath Service Business Ideas,"mobile pet grooming business ideas, pet care startup India",Certified pet groomers,"Under ₹10,000",Visiting client homes with a portable tub and clippers to groom dogs.
47,Pet Grooming at Home Service,2,Cat Gentle De-shedding and Claw Trimming Service Business Ideas,"cat grooming business ideas, pet care startup India",Cat groomers,"Under ₹5,000",Gently brushing thick cat undercoats and trimming claws in home environments.
47,Pet Grooming at Home Service,3,Medicated Skin Treatment Bath for Dogs with Mange Business Ideas,"dog skin treatment business ideas, pet startup India",Pet care specialists,"Under ₹5,000",Giving medicated antifungal and antibacterial baths prescribed by vets to dogs.
47,Pet Grooming at Home Service,4,Puppy First Grooming Desensitization Service Business Ideas,"puppy grooming business ideas, pet startup India",Gentle pet handlers,"Under ₹1,000","Getting young puppies comfortable with blow dryers, brushing, and nail clippers."
47,Pet Grooming at Home Service,5,Senior Dog Gentle Sponge Bath and Massage Service Business Ideas,"senior pet care business ideas, pet startup India",Empathetic groomers,"Under ₹1,000",Providing stress-free warm sponge baths and soothing massages for aging dogs.
47,Pet Grooming at Home Service,6,Dog Ear Cleaning and Dental Plaque Removal Service Business Ideas,"pet hygiene business ideas, pet care startup India",Grooming technicians,"Under ₹1,000",Cleaning waxy dog ears with antiseptic solutions and brushing teeth with enzymatic paste.
47,Pet Grooming at Home Service,7,Double-Coat Dog Heavy Undercoat Blowout Service Business Ideas,"dog de-shedding business ideas, pet startup India",Professional groomers,"Under ₹5,000",Using high-velocity blow dryers to remove loose seasonal fur from huskies and labs.
47,Pet Grooming at Home Service,8,Small Pet Rabbit and Guinea Pig Nail Trim Service Business Ideas,"small pet grooming business ideas, startup India",Pet handlers,"Under ₹1,000",Carefully trimming overgrown nails for caged pets like rabbits and guinea pigs.
47,Pet Grooming at Home Service,9,Herbal Flea and Tick Anti-Parasitic Wash Service Business Ideas,"natural pet grooming business ideas, startup India",Pet groomers,"Under ₹5,000",Washing pets using organic neem and citronella anti-tick herbal shampoos.
47,Pet Grooming at Home Service,10,Post-Surgery Protective Cone and Hygiene Care Service Business Ideas,"pet recovery care business ideas, startup India",Veterinary assistants,"Under ₹1,000",Visiting recovering pets to clean surgical areas and change protective dressings.
48,Organic Pet Food and Treat Baking,1,Dehydrated Chicken Jerky Dog Treat Manufacturing Business Ideas,"dog treat business ideas, pet food startup India",Pet food bakers,"Under ₹5,000","Slicing lean chicken breast, dehydrating in small ovens, and packaging in pouches."
48,Organic Pet Food and Treat Baking,2,Peanut Butter and Oat Dog Cookie Baking Business Ideas,"dog biscuit business ideas, pet bakery startup India",Home bakers,"Under ₹1,000",Baking healthy dog biscuits using xylitol-free peanut butter and whole wheat flour.
48,Organic Pet Food and Treat Baking,3,Fresh Human-Grade Dog Meal Prep Delivery Service Business Ideas,"fresh dog food business ideas, pet startup India",Pet nutrition cooks,"Under ₹10,000","Cooking balanced fresh chicken, rice, and pumpkin meals for dogs with food allergies."
48,Organic Pet Food and Treat Baking,4,Organic Cat Nip Toy and Herbal Treat Assembly Business Ideas,"cat treat business ideas, pet startup India",Cat enthusiasts,"Under ₹1,000",Filling cotton toys with organic dried catnip and packaging herbal treats.
48,Organic Pet Food and Treat Baking,5,Hypoallergenic Vegetarian Dog Treat Manufacturing Business Ideas,"vegetarian dog food business ideas, pet startup India",Home bakers,"Under ₹5,000",Baking sweet potato and paneer dog training treats for vegetarian pet parents.
48,Organic Pet Food and Treat Baking,6,Senior Dog Soft Chewy Supplement Treat Production Business Ideas,"senior dog treat business ideas, pet startup India",Pet food makers,"Under ₹5,000",Making soft turmeric and coconut oil chewy treats for older dogs with joint pain.
48,Organic Pet Food and Treat Baking,7,Puppy Teething Chew Bone Manufacturing Business Ideas,"puppy chew business ideas, pet product startup India",Pet artisans,"Under ₹5,000",Dehydrating durable sweet potato chews to help teething puppies chew safely.
48,Organic Pet Food and Treat Baking,8,Fish Skin Crunchy Cat Treat Manufacturing Business Ideas,"cat treat business ideas, pet food startup India",Pet processors,"Under ₹5,000",Sourcing clean dried fish skin chunks as single-ingredient crunchy treats for cats.
48,Organic Pet Food and Treat Baking,9,Birthday Cake Customization Service for Dogs Business Ideas,"dog cake business ideas, pet bakery startup India",Pet pastry chefs,"Under ₹5,000",Baking custom liver-cake birthday treats frosted with potato mash for dogs.
48,Organic Pet Food and Treat Baking,10,Calming Chamomile Dog Biscuit Manufacturing Business Ideas,"calming dog treats business ideas, pet startup India",Pet bakers,"Under ₹5,000",Baking relaxation biscuits infused with chamomile and lavender for anxious dogs.
49,Pet Boarding and Daycare Setup,1,In-Home Cage-Free Dog Boarding Agency Business Ideas,"dog boarding business ideas, pet care startup India",Animal lovers with villas,"Under ₹10,000",Hosting small dogs in a cage-free home environment while owners travel.
49,Pet Boarding and Daycare Setup,2,Indoor Cat-Only Boarding Hotel Setup Business Ideas,"cat boarding business ideas, pet hotel startup India",Cat enthusiasts,"Under ₹10,000",Setting up quiet individual vertical rooms for cats with scratching posts and toys.
49,Pet Boarding and Daycare Setup,3,Corporate Daycare Facility for Office-Going Dogs Business Ideas,"dog daycare business ideas, pet care startup India",Pet entrepreneurs,"Under ₹50,000",Operating a daytime supervised play and nap facility for working pet parents.
49,Pet Boarding and Daycare Setup,4,Exotic Bird and Small Pet Vacation Boarding Service Business Ideas,"bird boarding business ideas, pet care startup",Bird keepers,"Under ₹5,000","Boarding pet parrots, hamsters, and guinea pigs during owner vacations."
49,Pet Boarding and Daycare Setup,5,Senior Dog Special Care Boarding Lodge Business Ideas,"senior dog boarding business ideas, pet care startup India",Veterinary assistants,"Under ₹20,000",Providing specialized medical monitoring and medication management for aging dogs.
49,Pet Boarding and Daycare Setup,6,Pet Web Camera Live-Stream Monitoring Setup Service Business Ideas,"pet camera setup business ideas, smart home startup India",Tech installers,"Under ₹5,000",Installing multi-angle live-streaming cameras for pet boarding room owners.
49,Pet Boarding and Daycare Setup,7,Behavioral Training Integrated Dog Boarding Service Business Ideas,"dog training boarding business ideas, pet startup India",Certified dog trainers,"Under ₹20,000",Boarding dogs for 2 weeks while conducting intensive obedience and socialization training.
49,Pet Boarding and Daycare Setup,8,Puppy Socialization and Playgroup Daycare Service Business Ideas,"puppy daycare business ideas, pet startup India",Pet trainers,"Under ₹10,000",Hosting weekend socialization playgroups for puppies under 6 months old.
49,Pet Boarding and Daycare Setup,9,Emergency Pet Fostering Network for Hospitalized Owners Business Ideas,"emergency pet care business ideas, welfare startup",Animal rescuers,"Under ₹5,000",Providing temporary emergency boarding for pets whose owners are hospitalized.
49,Pet Boarding and Daycare Setup,10,Pet Transport and Chauffeur Boarding Pickup Service Business Ideas,"pet taxi business ideas, pet transport startup India",Pet owners with cars,"Under ₹10,000",Providing safe air-conditioned vehicle transport for pets to boarding lodges.
50,Aquatic Fish Tank Maintenance Service,1,Home Aquarium Deep Cleaning and Water Change Service Business Ideas,"aquarium cleaning business ideas, fish care startup India",Aquatic hobbyists,"Under ₹5,000","Scraping algae, vacuuming gravel, and replacing water in home glass fish tanks."
50,Aquatic Fish Tank Maintenance Service,2,Custom Planted Aquascape Setup and Design Agency Business Ideas,"aquascaping business ideas, fish tank startup India",Aquascaping designers,"Under ₹10,000",Designing natural underwater planted layouts with driftwood and stones for aquariums.
50,Aquatic Fish Tank Maintenance Service,3,Marine Saltwater Reef Tank Maintenance Service Business Ideas,"marine aquarium business ideas, pet care startup India",Aquarium specialists,"Under ₹20,000","Testing salinity, calcium, and nutrient levels for delicate saltwater reef tanks."
50,Aquatic Fish Tank Maintenance Service,4,External Canister Filter Servicing and Repair Business Ideas,"aquarium filter repair business ideas, pet startup India",Technicians,"Under ₹5,000",Cleaning impeller blades and replacing filter media in aquarium canister filters.
50,Aquatic Fish Tank Maintenance Service,5,Office Reception Custom Aquarium Maintenance Contract Business Ideas,"office aquarium maintenance business ideas, startup India",Aquarium service providers,"Under ₹10,000",Visiting corporate offices weekly to feed fish and clean display aquariums.
50,Aquatic Fish Tank Maintenance Service,6,Fish Disease Diagnosis and Medication Treatment Service Business Ideas,"fish health business ideas, pet care startup India",Aquarium experts,"Under ₹5,000",Identifying parasitic and bacterial fish diseases and dosing medications safely.
50,Aquatic Fish Tank Maintenance Service,7,Automatic Fish Feeder Installation and Programming Service Business Ideas,"fish feeder business ideas, smart pet startup India",Tech hobbyists,"Under ₹1,000",Installing and programming automatic battery-operated fish food dispensers.
50,Aquatic Fish Tank Maintenance Service,8,Custom Acrylic Fish Tank Leak Repair and Sealing Service Business Ideas,"aquarium repair business ideas, pet startup India",Glass technicians,"Under ₹5,000",Resealing leaking aquarium silicone seams with aquarium-safe waterproof sealants.
50,Aquatic Fish Tank Maintenance Service,9,Aquarium LED Lighting Upgrade and Controller Setup Business Ideas,"aquarium lighting business ideas, pet tech startup India",Electricians,"Under ₹5,000",Installing programmable sunrise-sunset LED spectrum lighting over planted tanks.
50,Aquatic Fish Tank Maintenance Service,10,Pond Water Garden Filtration and Koi Carp Care Service Business Ideas,"koi pond maintenance business ideas, startup India",Pond technicians,"Under ₹20,000",Cleaning outdoor garden koi pond bio-filters and managing water clarity.
51,Upcycled Tyre Furniture Manufacturing,1,Discarded Car Tyre Center Table Manufacturing Business Ideas,"tyre furniture business ideas, upcycling startup India",Eco craftspeople,"Under ₹5,000",Wrapping discarded rubber car tyres in jute rope to build rustic coffee tables.
51,Upcycled Tyre Furniture Manufacturing,2,Rubber Tyre Ottoman Footstool Production Business Ideas,"tyre ottoman business ideas, upcycled decor startup India",Upholsterers,"Under ₹5,000",Mounting cushioned wooden seats onto painted rubber tyres to make ottomans.
51,Upcycled Tyre Furniture Manufacturing,3,Upcycled Tyre Garden Planter Manufacturing Business Ideas,"tyre planter business ideas, gardening startup India",Garden crafters,"Under ₹1,000",Cutting and painting old vehicle tyres into hanging floral garden planters.
51,Upcycled Tyre Furniture Manufacturing,4,Rubber Tyre Outdoor Lounge Chair Crafting Business Ideas,"tyre chair business ideas, furniture startup India",Carpenters and metalworkers,"Under ₹10,000",Welding steel frames and weaving rubber tyre strips into ergonomic garden lounge chairs.
51,Upcycled Tyre Furniture Manufacturing,5,Tyre Pet Bed Cushion Frame Manufacturing Business Ideas,"tyre pet bed business ideas, upcycled pet startup India",Pet crafters,"Under ₹5,000",Cleaning old scooter tyres and placing custom round soft cushions inside for pets.
51,Upcycled Tyre Furniture Manufacturing,6,Industrial Tyre Mirror Frame Crafting Business Ideas,"tyre mirror business ideas, decor startup India",Artists,"Under ₹5,000",Mounting round mirrors inside sliced rubber tyre sidewalls for industrial decor.
51,Upcycled Tyre Furniture Manufacturing,7,Upcycled Tyre Bicycle Rack Manufacturing Business Ideas,"tyre bike rack business ideas, urban startup India",Fabricators,"Under ₹10,000",Embedding heavy truck tyres vertically into concrete to build bicycle parking racks.
51,Upcycled Tyre Furniture Manufacturing,8,Rubber Tyre Doormat Weaving Agency Business Ideas,"tyre doormat business ideas, eco friendly startup India",Artisans,"Under ₹5,000",Cutting tread patterns from heavy truck tyres and weaving them into durable doormats.
51,Upcycled Tyre Furniture Manufacturing,9,Tyre Swing Set Manufacturing for Parks Business Ideas,"tyre swing business ideas, playground startup India",Fabricators,"Under ₹10,000",Suspending cleaned and painted car tyres with strong ropes for garden tree swings.
51,Upcycled Tyre Furniture Manufacturing,10,Upcycled Tyre Umbrella Stand Production Business Ideas,"tyre umbrella stand business ideas, decor startup India",Craftsmen,"Under ₹5,000",Weighted heavy truck tyre bases fitted with metal pipe rings for entryway umbrella storage.
52,Newspaper and Cardboard Craft Packaging,1,Handmade Newspaper Gift Bag Manufacturing Business Ideas,"newspaper bag business ideas, zero waste startup India",Homemakers,"Under ₹1,000",Gluing and folding discarded newspapers into sturdy gift and shopping bags.
52,Newspaper and Cardboard Craft Packaging,2,Corrugated Cardboard Sustainable Shipping Box Assembly Business Ideas,"cardboard box business ideas, packaging startup India",Small packers,"Under ₹5,000",Die-cutting and gluing recycled cardboard sheets into custom shipping mailer boxes.
52,Newspaper and Cardboard Craft Packaging,3,Molded Paper Pulp Egg Carton Reselling Business Ideas,"paper pulp packaging business ideas, startup India",Eco suppliers,"Under ₹10,000",Sourcing and supplying biodegradable molded paper pulp cartons to egg farmers.
52,Newspaper and Cardboard Craft Packaging,4,Shredded Cardboard Void Fill Packaging Material Production Business Ideas,"shredded paper business ideas, packaging startup India",Eco entrepreneurs,"Under ₹5,000",Running waste cardboard through shredder machines to produce eco protective cushioning.
52,Newspaper and Cardboard Craft Packaging,5,Cardboard Office Desk Organizer Crafting Business Ideas,"cardboard organizer business ideas, stationery startup India",Student crafters,"Under ₹1,000",Constructing multi-tier desktop paper sorters using thick compressed cardboard.
52,Newspaper and Cardboard Craft Packaging,6,Seed Embedded Plantable Paper Tag Manufacturing Business Ideas,"plantable paper business ideas, eco startup India",Craft artisans,"Under ₹5,000",Blending waste paper pulp with flower seeds to make plantable clothing price tags.
52,Newspaper and Cardboard Craft Packaging,7,Newspaper Rolled Pencil and Pen Holder Production Business Ideas,"newspaper craft business ideas, stationery startup India",Handicraft workers,"Under ₹1,000",Rolling tight newspaper tubes and coating with lacquer to build durable pen stands.
52,Newspaper and Cardboard Craft Packaging,8,Cardboard Cat Scratching Pad Manufacturing Business Ideas,"cat scratcher business ideas, pet product startup India",Pet product makers,"Under ₹5,000",Stacking and gluing corrugated cardboard strips into durable cat scratch pads.
52,Newspaper and Cardboard Craft Packaging,9,Cardboard Kids Playhouse Assembly Kit Production Business Ideas,"cardboard toy business ideas, children startup India",Toy designers,"Under ₹10,000",Laser-cutting large unprinted cardboard panels into DIY foldable children playhouses.
52,Newspaper and Cardboard Craft Packaging,10,Recycled Paper Seed Ball Packaging Box Production Business Ideas,"seed ball box business ideas, eco gift startup India",Eco crafters,"Under ₹1,000",Folding small window boxes to pack organic wildflower seed balls for gifting.
53,Coconut Husk Eco-Planter Production,1,Coir Fibre Hanging Basket Manufacturing Business Ideas,"coir basket business ideas, gardening startup India",Rural artisans,"Under ₹5,000",Pressing natural coconut coir fibre into wireframe hanging baskets for plants.
53,Coconut Husk Eco-Planter Production,2,Compressed Coir Pith Seedling Pot Production Business Ideas,"coir pot business ideas, nursery startup India",Agri processors,"Under ₹10,000",Molding wet coconut pith dust into biodegradable seed-starting nursery pots.
53,Coconut Husk Eco-Planter Production,3,Coconut Shell Half Bowl Succulent Planter Crafting Business Ideas,"coconut shell planter business ideas, decor startup India",Craftsmen,"Under ₹1,000",Sanding and varnishing half coconut shells into miniature succulent planters.
53,Coconut Husk Eco-Planter Production,4,Coir Pole Moss Stick Manufacturing for Indoor Plants Business Ideas,"moss pole business ideas, gardening startup India",Garden suppliers,"Under ₹5,000",Wrapping coconut coir rope around PVC pipes to make plant climbing support sticks.
53,Coconut Husk Eco-Planter Production,5,Natural Coir Door Mat Weaving Agency Business Ideas,"coir mat business ideas, flooring startup India",Traditional weavers,"Under ₹10,000",Weaving coarse coconut coir yarn into heavy-duty scraping doormats.
53,Coconut Husk Eco-Planter Production,6,Coconut Husk Organic Mulch Block Production Business Ideas,"coir mulch business ideas, agriculture startup India",Agri entrepreneurs,"Under ₹10,000",Shredding coconut husks into weed-suppressing organic garden mulch blocks.
53,Coconut Husk Eco-Planter Production,7,Coir Fibre Geotextile Mat Manufacturing Business Ideas,"coir geotextile business ideas, civil startup India",Rural enterprises,"Under ₹50,000",Weaving thick coir blankets used for soil erosion control on hill slopes.
53,Coconut Husk Eco-Planter Production,8,Coconut Shell Charcoal Barbecue Briquette Production Business Ideas,"coconut charcoal business ideas, BBQ startup India",Fuel processors,"Under ₹10,000",Carbonizing coconut shells and pressing into long-burning barbecue charcoal briquettes.
53,Coconut Husk Eco-Planter Production,9,Coir Fibre Bird Nesting Material Packaging Business Ideas,"bird nesting material business ideas, startup India",Pet suppliers,"Under ₹1,000",Cleaning and packaging loose fluffy coconut coir fibre for wild bird nests.
53,Coconut Husk Eco-Planter Production,10,Carved Coconut Shell Tealight Candle Holder Production Business Ideas,"coconut shell candle business ideas, decor startup India",Crafters,"Under ₹5,000",Carving intricate patterns on polished coconut shells to house tealight candles.
54,Recycled Plastic Carry Bag Distribution,1,Recycled LDPE Garbage Bag Manufacturing Business Ideas,"garbage bag business ideas, plastic recycling startup India",Small recyclers,"Under ₹50,000",Extruding and blowing recycled low-density polyethylene into heavy-duty trash bags.
54,Recycled Plastic Carry Bag Distribution,2,Thick Recycled Shopping Bag Distribution Agency Business Ideas,"shopping bag business ideas, retail startup India",Traders,"Under ₹10,000",Supplying compliant thick recycled plastic carry bags to local retail merchants.
54,Recycled Plastic Carry Bag Distribution,3,Recycled Plastic Interlocking Brick Manufacturing Business Ideas,"plastic brick business ideas, construction startup India",Eco builders,"Under ₹50,000",Melting waste plastic shreds with sand and pressing into interlocking construction bricks.
54,Recycled Plastic Carry Bag Distribution,4,Shredded Plastic Road Paving Granule Supply Business Ideas,"plastic road granule business ideas, civil startup India",Recycling processors,"Under ₹50,000",Sorting and shredding waste plastic bottles into granules for asphalt road laying.
54,Recycled Plastic Carry Bag Distribution,5,Recycled Plastic Flower Pot Manufacturing Business Ideas,"plastic pot business ideas, nursery startup India",Molding operators,"Under ₹50,000",Injection molding recycled plastic resin into colorful garden flower pots.
54,Recycled Plastic Carry Bag Distribution,6,Recycled PET Bottle Bristle Broom Production Business Ideas,"plastic broom business ideas, cleaning startup India",Cottage workers,"Under ₹5,000",Cutting waste PET bottles into fine bristles to manufacture floor sweeping brooms.
54,Recycled Plastic Carry Bag Distribution,7,Recycled Plastic Fence Post Manufacturing Business Ideas,"plastic fence post business ideas, agricultural startup India",Makers,"Under ₹50,000",Extruding heavy composite plastic posts for agricultural farm fencing.
54,Recycled Plastic Carry Bag Distribution,8,Recycled Plastic Pallet Supply Agency Business Ideas,"plastic pallet business ideas, logistics startup India",Logistics suppliers,"Under ₹50,000",Sourcing and supplying durable recycled plastic shipping pallets to warehouses.
54,Recycled Plastic Carry Bag Distribution,9,Recycled HDPE Milk Can Storage Crate Distribution Business Ideas,"plastic crate business ideas, dairy startup India",Traders,"Under ₹50,000",Distributing heavy-duty recycled plastic milk and vegetable stacking crates.
54,Recycled Plastic Carry Bag Distribution,10,Recycled Plastic Tile Trim and Edge Strip Production Business Ideas,"plastic tile trim business ideas, construction startup India",Manufacturers,"Under ₹50,000",Extruding recycled plastic transition strips for floor tile installations.
55,Organic Compost Supply for Urban Balconies,1,Kitchen Waste Bokashi Composting Powder Production Business Ideas,"Bokashi composting business ideas, organic startup India",Agri processors,"Under ₹5,000",Inoculating wheat bran with effective microorganisms to make kitchen composting powder.
55,Organic Compost Supply for Urban Balconies,2,Vermicompost Earthworm Casting Packaging Business Ideas,"vermicompost business ideas, organic fertilizer startup India",Earthworm farmers,"Under ₹10,000",Harvesting and packaging nutrient-rich earthworm vermicompost for balcony gardeners.
55,Organic Compost Supply for Urban Balconies,3,Ready-to-Use Potting Soil Mix Bagging Business Ideas,"potting soil business ideas, gardening startup India",Horticulturists,"Under ₹10,000","Blending red soil, cocopeat, vermicompost, and neem cake into plant-ready bags."
55,Organic Compost Supply for Urban Balconies,4,Liquid Seaweed Organic Plant Fertilizer Bottling Business Ideas,"liquid fertilizer business ideas, organic gardening startup",Agri startups,"Under ₹10,000",Extracting nutrients from seaweed and bottling as organic liquid plant fertilizer.
55,Organic Compost Supply for Urban Balconies,5,Bone Meal and Blood Meal Organic Fertilizer Packaging Business Ideas,"organic fertilizer business ideas, gardening startup India",Fertilizer packagers,"Under ₹10,000",Packaging organic bone meal powder for flowering plant root nourishment.
55,Organic Compost Supply for Urban Balconies,6,Neem Cake Powder Soil Pest Control Packaging Business Ideas,"neem cake business ideas, organic pest control startup",Agri processors,"Under ₹5,000",Bagging cold-pressed neem cake powder for organic soil pest and fungus prevention.
55,Organic Compost Supply for Urban Balconies,7,Apartment Society Wet Waste Composting Consulting Agency Business Ideas,"society composting business ideas, waste management startup",Environmental consultants,"Under ₹10,000",Setting up mechanical composters and training staff in residential societies.
55,Organic Compost Supply for Urban Balconies,8,Expanded Clay Pebbles Hydroponic Media Packaging Business Ideas,"clay pebbles business ideas, hydroponics startup India",Hydroponics suppliers,"Under ₹10,000",Importing and packing lightweight expanded clay aggregate for urban soilless plants.
55,Organic Compost Supply for Urban Balconies,9,Epsom Salt Plant Magnesium Booster Packaging Business Ideas,"epsom salt gardening business ideas, startup India",Garden packagers,"Under ₹1,000",Packaging agricultural-grade magnesium sulfate salt packets for greening plant leaves.
55,Organic Compost Supply for Urban Balconies,10,Urban Balcony Automated Drip Irrigation Kit Assembly Business Ideas,"drip irrigation business ideas, urban gardening startup",Garden suppliers,"Under ₹5,000",Assembling battery-operated automatic drip watering kits for balcony pots.
56,Pre-Wedding Mehendi Home Party Setup,1,Bridal Mehendi Home Lounge Decor and Floor Cushion Setup Business Ideas,"mehendi decor business ideas, wedding startup India",Event decorators,"Under ₹10,000",Setting up colorful Rajasthani mattress seating and floral backdrops for home mehendi.
56,Pre-Wedding Mehendi Home Party Setup,2,Natural Nilgiri Oil Mehendi Cone Manufacturing Business Ideas,"mehendi cone business ideas, wedding startup India",Mehendi artists,"Under ₹1,000",Mixing fresh henna powder with eucalyptus oil and rolling fine cones for bridal artists.
56,Pre-Wedding Mehendi Home Party Setup,3,Traditional Mehendi Return Gift Favors Curation Business Ideas,"mehendi favor business ideas, wedding gift startup India",Gift curators,"Under ₹10,000","Assembling colorful bangles, mirror-work potlis, and bangles as guest return gifts."
56,Pre-Wedding Mehendi Home Party Setup,4,Home Mehendi Floral Jewellery Set Crafting Business Ideas,"floral jewelry business ideas, wedding startup India",Floral designers,"Under ₹5,000",Handmade real and artificial flower maang tikka and necklace sets for brides.
56,Pre-Wedding Mehendi Home Party Setup,5,Mehendi Event Live Acoustic Folk Singer Booking Agency Business Ideas,"folk singer booking business ideas, event startup India",Event bookers,"Under ₹10,000",Arranging traditional folk singers and dholki players for intimate home mehendi nights.
56,Pre-Wedding Mehendi Home Party Setup,6,Pre-Wedding Haldi Floral Canopy and Marigold Setup Business Ideas,"haldi decor business ideas, wedding startup India",Decorators,"Under ₹10,000",Constructing fresh marigold flower umbrellas and backdrops for home haldi ceremonies.
56,Pre-Wedding Mehendi Home Party Setup,7,Customized Mehendi Platter and Ring Tray Decoration Service Business Ideas,"mehendi tray business ideas, wedding startup India",Craft artists,"Under ₹5,000",Decorating wooden thalis and ring ceremony plates with gota patti and flowers.
56,Pre-Wedding Mehendi Home Party Setup,8,Mehendi Event Instant Photo Booth and Polaroid Camera Rental Business Ideas,"photo booth business ideas, wedding event startup India",Event suppliers,"Under ₹10,000",Renting instant film cameras and props for guest photos during mehendi parties.
56,Pre-Wedding Mehendi Home Party Setup,9,Traditional Welcome Drink and Thandai Counter Setup for Weddings Business Ideas,"wedding welcome drink business ideas, catering startup",Catering suppliers,"Under ₹10,000",Setting up traditional badam milk and rose sherbet welcome drink counters.
56,Pre-Wedding Mehendi Home Party Setup,10,Mehendi Artist Coordination and Booking Agency Business Ideas,"mehendi artist agency business ideas, wedding startup India",Event coordinators,"Under ₹5,000",Managing a roster of freelance mehendi artists for home party bookings.
57,Traditional Flower Garland and Mandap Styling,1,Fresh Jasmine Mogra Garland Stringing Agency Business Ideas,"flower garland business ideas, wedding startup India",Traditional florists,"Under ₹5,000",Stringing fresh fragrant jasmine and tuberose garlands for wedding ceremonies.
57,Traditional Flower Garland and Mandap Styling,2,Marigold Flower Jhula Mandap Backdrops Styling Business Ideas,"mandap decor business ideas, wedding startup India",Floral decorators,"Under ₹10,000",Styling traditional wedding mandaps using cascading strings of fresh marigolds.
57,Traditional Flower Garland and Mandap Styling,3,Lotus Flower Floating Bowl Centerpiece Setup Service Business Ideas,"floating flower business ideas, wedding decor startup India",Event stylists,"Under ₹5,000",Arranging fresh lotus blooms and floating candles in brass vessels for dining tables.
57,Traditional Flower Garland and Mandap Styling,4,Traditional Garland Preservation and Resin Embedding Service Business Ideas,"garland preservation business ideas, wedding startup",Resin artists,"Under ₹10,000",Encapsulating fresh wedding varmala flower garlands inside permanent resin blocks.
57,Traditional Flower Garland and Mandap Styling,5,Car Decoration with Fresh Orchids and Roses Service Business Ideas,"wedding car decoration business ideas, event startup India",Car decorators,"Under ₹5,000",Styling wedding getaway cars using ribbons and fresh orchid flower arrangements.
57,Traditional Flower Garland and Mandap Styling,6,Hair Gajra Fresh Flower Delivery Service for Working Women Business Ideas,"gajra delivery business ideas, floral startup India",Florists,"Under ₹1,000",Delivering fresh fragrant jasmine gajras to office-going women every morning.
57,Traditional Flower Garland and Mandap Styling,7,Traditional Temple Flower Arch and Entrance Styling Business Ideas,"temple flower decoration business ideas, event startup",Floral designers,"Under ₹10,000",Designing large floral archways and door entrances for religious temple festivals.
57,Traditional Flower Garland and Mandap Styling,8,Rose Petal Shower Gun and Confetti Supply Service Business Ideas,"petal shower business ideas, wedding startup India",Event suppliers,"Under ₹5,000",Supplying fresh rose petals and air-powered confetti cannons for wedding receptions.
57,Traditional Flower Garland and Mandap Styling,9,Dry Flower Potpourri Manufacturing and Scenting Business Ideas,"potpourri business ideas, home decor startup India",Crafters,"Under ₹5,000","Drying local flower petals, infusing with essential oils, and packaging in mesh bags."
57,Traditional Flower Garland and Mandap Styling,10,Funeral Wreath and Condolence Floral Arrangement Agency Business Ideas,"condolence wreath business ideas, floral startup India",Florists,"Under ₹5,000",Designing respectful white lily and chrysanthemum condolence wreaths for funerals.
58,Birthday Party Return Gift Basket Assembly,1,Kids Birthday Return Gift Stationery Hamper Curation Business Ideas,"kids gift hamper business ideas, birthday startup India",Gift curators,"Under ₹10,000","Assembling themed pencil boxes, notebooks, and color sets for birthday party returns."
58,Birthday Party Return Gift Basket Assembly,2,Eco-Friendly Plant Sapling Birthday Return Gift Assembly Business Ideas,"plant gift business ideas, eco birthday startup India",Garden curators,"Under ₹5,000",Packing small potted succulent plants in jute wraps as green birthday return gifts.
58,Birthday Party Return Gift Basket Assembly,3,Handmade Wooden Educational Toy Gift Hamper Assembly Business Ideas,"wooden toy gift business ideas, birthday startup India",Toy curators,"Under ₹10,000",Curating wooden puzzles and spinning tops into eco-friendly children gift bags.
58,Birthday Party Return Gift Basket Assembly,4,Customized Name Mug and Choco Chip Cookie Hamper Production Business Ideas,"personalized gift business ideas, birthday startup India",Gift designers,"Under ₹5,000",Printing children names on ceramic mugs and packing with homemade chocolate cookies.
58,Birthday Party Return Gift Basket Assembly,5,First Birthday Milestone Photo Board and Memory Box Assembly Business Ideas,"first birthday memory box business ideas, startup India",Crafters,"Under ₹5,000",Assembling baby milestone memory boxes and photo display boards for first birthdays.
58,Birthday Party Return Gift Basket Assembly,6,Teens Birthday Aesthetic Korean Stationery Hamper Curation Business Ideas,"Korean stationery gift business ideas, startup India",Gift curators,"Under ₹10,000","Curating pastel aesthetic highlighters, stickers, and journals for teen birthday gifts."
58,Birthday Party Return Gift Basket Assembly,7,DIY Pottery Painting Kit Party Return Gift Assembly Business Ideas,"pottery kit gift business ideas, craft startup India",Craft suppliers,"Under ₹5,000","Packing mini terracotta pots, paints, and brushes into DIY art activity kits for kids."
58,Birthday Party Return Gift Basket Assembly,8,Board Game and Card Game Party Pack Curation Business Ideas,"board game gift business ideas, party startup India",Toy curators,"Under ₹10,000",Sourcing compact card and board games as engaging return gifts for older kids.
58,Birthday Party Return Gift Basket Assembly,9,Organic Bath Bomb and Soap Party Favor Hamper Assembly Business Ideas,"bath bomb gift business ideas, spa startup India",Soap makers,"Under ₹5,000",Assembling handmade scented soap bars and bath fizzies into guest favor baskets.
58,Birthday Party Return Gift Basket Assembly,10,Handmade Fabric Tote Bag and Bookmark Return Gift Assembly Business Ideas,"fabric bag gift business ideas, eco startup India",Tailors and crafters,"Under ₹5,000",Stitching small canvas tote bags and packing with bookmarks for teenage party guests.
59,Corporate Event Hospitality Coordination,1,Corporate Annual Day VIP Guest Hospitality Coordination Agency Business Ideas,"corporate hospitality business ideas, event startup India",Event coordinators,"Under ₹10,000","Managing VIP arrivals, green room refreshments, and seating arrangements for corporate events."
59,Corporate Event Hospitality Coordination,2,Corporate Board Meeting Catering and Gourmet Lunch Coordination Business Ideas,"board meeting catering business ideas, startup India",Catering coordinators,"Under ₹10,000",Sourcing premium gourmet boxed lunches and specialty coffee for executive meetings.
59,Corporate Event Hospitality Coordination,3,Outbound Team Building Event Activity Logistics Agency Business Ideas,"team building event business ideas, corporate startup India",Event planners,"Under ₹50,000","Managing venue bookings, team games, and transport for corporate offsite retreats."
59,Corporate Event Hospitality Coordination,4,Product Launch Event Media Hospitality and Kit Assembly Business Ideas,"product launch hospitality business ideas, event startup",PR coordinators,"Under ₹10,000",Assembling media press kits and managing hospitality for tech product launch press events.
59,Corporate Event Hospitality Coordination,5,Annual General Meeting Shareholder Hospitality and Registration Service Business Ideas,"AGM hospitality business ideas, corporate startup India",Admin managers,"Under ₹10,000",Managing shareholder registration counters and high-tea refreshments at company AGMs.
59,Corporate Event Hospitality Coordination,6,Corporate Hackathon Overnight Food and Beverage Station Management Business Ideas,"hackathon food business ideas, tech event startup India",Catering managers,"Under ₹10,000","Managing continuous midnight snacks, coffee, and energy drinks for overnight hackathons."
59,Corporate Event Hospitality Coordination,7,Client Appreciation Gala Dinner Guest Greeting and Seating Agency Business Ideas,"gala dinner hospitality business ideas, event startup",Event hosts,"Under ₹10,000","Managing guest list check-ins, escorting, and seating choreography for gala dinners."
59,Corporate Event Hospitality Coordination,8,Corporate Workshop Stationery and Workbook Kit Assembly Business Ideas,"workshop kit business ideas, corporate training startup",Training coordinators,"Under ₹5,000","Printing and packing branded notebooks, pens, and ID badges for training workshops."
59,Corporate Event Hospitality Coordination,9,Airport Pickup and Hotel Chauffeur Coordination for Corporate Guests Business Ideas,"corporate transport business ideas, travel startup India",Travel coordinators,"Under ₹10,000",Managing airport fleet arrivals and hotel check-in escorts for visiting corporate guests.
59,Corporate Event Hospitality Coordination,10,Virtual Corporate Event Care Package Shipping and Delivery Coordinator Business Ideas,"virtual event gift business ideas, corporate startup",Logistics coordinators,"Under ₹10,000",Packing and shipping physical snack boxes to remote employees for virtual company events.
60,Destination Wedding Guest Logistics Support,1,Destination Wedding Airport Arrival Welcome Desk Coordination Agency Business Ideas,"wedding guest hospitality business ideas, startup India",Wedding coordinators,"Under ₹10,000","Managing welcome signboards, flower garlands, and airport pickup cabs for wedding guests."
60,Destination Wedding Guest Logistics Support,2,Wedding Hotel Room Allocation and Welcome Hamper Placement Agency Business Ideas,"wedding hotel room management business ideas, startup",Hospitality managers,"Under ₹10,000",Placing personalized welcome hampers and luggage tags in wedding guest hotel rooms.
60,Destination Wedding Guest Logistics Support,3,Wedding Guest Shuttle Bus and Fleet Timing Coordinator Business Ideas,"wedding transport business ideas, event startup India",Logistics managers,"Under ₹10,000",Managing bus and tempo traveler schedules moving guests between hotel and venue.
60,Destination Wedding Guest Logistics Support,4,Destination Wedding Elderly Guest Mobility Assistance Service Business Ideas,"elderly wedding guest care business ideas, startup",Care assistants,"Under ₹5,000",Providing wheelchair assistance and personal helpers for elderly guests at weddings.
60,Destination Wedding Guest Logistics Support,5,Wedding Guest Itinerary WhatsApp Bot and Helpdesk Setup Business Ideas,"wedding concierge business ideas, event startup India",Tech assistants,"Under ₹1,000",Setting up automated WhatsApp concierge bots answering guest schedule questions.
60,Destination Wedding Guest Logistics Support,6,Late Night Guest Return Transport Coordination Agency Business Ideas,"wedding transport business ideas, event startup India",Logistics coordinators,"Under ₹10,000",Arranging late-night cab shuttles returning wedding guests from lawns to hotels.
60,Destination Wedding Guest Logistics Support,7,Wedding Venue Lost and Found and Valet Tag Management Service Business Ideas,"wedding valet business ideas, event startup India",Event staff,"Under ₹1,000",Managing car valet token counters and lost item desks during wedding receptions.
60,Destination Wedding Guest Logistics Support,8,Destination Wedding Emergency Medical Kit and First Aid Desk Agency Business Ideas,"wedding first aid business ideas, startup India",Nursing assistants,"Under ₹5,000",Setting up medical emergency first aid stations with medicines for wedding guests.
60,Destination Wedding Guest Logistics Support,9,Out-of-Town Guest Local Sightseeing Tour Coordination Service Business Ideas,"wedding sightseeing business ideas, tourism startup India",Tour coordinators,"Under ₹10,000",Organizing half-day guided city sightseeing bus tours for wedding guests between events.
60,Destination Wedding Guest Logistics Support,10,Wedding Return Gift Airport Baggage Weight Check Assistance Agency Business Ideas,"wedding baggage service business ideas, startup India",Event helpers,"Under ₹1,000",Setting up luggage weighing scales at hotels before guests leave for airport check-in.
61,Vedic Math Online Training Workshops,1,Vedic Math Online Weekend Training Classes for Kids Business Ideas,"Vedic math online classes business ideas, edtech startup India",Math teachers,"Under ₹1,000",Teaching online mental math calculation shortcuts to school students over video calls.
61,Vedic Math Online Training Workshops,2,Vedic Math Teacher Certification Training Program Business Ideas,"Vedic math teacher training business ideas, education startup",Expert math trainers,"Under ₹5,000",Conducting online certification courses for aspiring tutors wanting to teach Vedic math.
61,Vedic Math Online Training Workshops,3,Competitive Exam Fast Calculation Online Workshop Business Ideas,"fast calculation coaching business ideas, edtech startup India",Math tutors,"Under ₹1,000",Hosting intensive weekend speed-math workshops for banking and SSC exam aspirants.
61,Vedic Math Online Training Workshops,4,Vedic Math Practice Workbook PDF Publishing Business Ideas,"math workbook business ideas, digital product startup India",Math authors,"Under ₹1,000",Designing and selling downloadable Vedic arithmetic practice workbooks online.
61,Vedic Math Online Training Workshops,5,Parent-Child Joint Vedic Math Learning Workshop Business Ideas,"parent child math workshop business ideas, edtech startup",Educators,"Under ₹1,000",Hosting online interactive math puzzle sessions for parents and children together.
61,Vedic Math Online Training Workshops,6,School Holiday Vedic Math Summer Camp Online Business Ideas,"summer camp math business ideas, edtech startup India",Math teachers,"Under ₹1,000",Running 10-day intensive holiday mental math bootcamps for school kids.
61,Vedic Math Online Training Workshops,7,Vedic Math YouTube Educational Channel Production Business Ideas,"Vedic math YouTube business ideas, creator startup India",Math educators,"Under ₹1,000",Producing short 3-minute math trick tutorial videos for social media growth.
61,Vedic Math Online Training Workshops,8,Dyscalculia Friendly Vedic Math Remedial Tutoring Business Ideas,"remedial math tutoring business ideas, startup India",Special educators,"Under ₹1,000",Using visual Vedic math techniques to help children with learning difficulties.
61,Vedic Math Online Training Workshops,9,International Vedic Math Online Tutoring for NRI Kids Business Ideas,"NRI math tutoring business ideas, edtech startup India",Math tutors,"Under ₹1,000",Teaching evening Vedic mental math classes to NRI children in western time zones.
61,Vedic Math Online Training Workshops,10,Vedic Math Quiz Competition Hosting Platform Business Ideas,"math quiz platform business ideas, edtech startup India",Tech tutors,"Under ₹1,000",Hosting online competitive speed-calculation tournaments with digital certificates.
62,Spoken English for Tier-3 Job Seekers,1,Retail Sales Spoken English Online Coaching Business Ideas,"spoken English business ideas, job training startup India",English trainers,"Under ₹1,000",Teaching practical spoken English conversation to retail store job applicants.
62,Spoken English for Tier-3 Job Seekers,2,Call Center Customer Support Pronunciation Training Business Ideas,"call center training business ideas, BPO startup India",Voice trainers,"Under ₹1,000",Training tier-3 youth in neutral accent and customer service phone communication.
62,Spoken English for Tier-3 Job Seekers,3,Hotel Hospitality Spoken English Weekend Course Business Ideas,"hospitality English business ideas, tourism startup India",Hotel trainers,"Under ₹1,000",Teaching conversational English vocabulary specific to hotel front-desk staff.
62,Spoken English for Tier-3 Job Seekers,4,Delivery Executive Customer Interaction English Micro-Course Business Ideas,"delivery English business ideas, gig worker training startup",Language trainers,"Under ₹1,000",Teaching essential polite English phrases for delivery and ride-share personnel.
62,Spoken English for Tier-3 Job Seekers,5,Interview Grooming and Spoken English Mock Session Agency Business Ideas,"interview English business ideas, career startup India",HR trainers,"Under ₹1,000",Conducting mock job interviews and English fluency feedback sessions online.
62,Spoken English for Tier-3 Job Seekers,6,Factory Floor Supervisor English Communication Coaching Business Ideas,"supervisor English training business ideas, startup India",Industrial trainers,"Under ₹1,000",Teaching safety and shift instruction English vocabulary to manufacturing floor leads.
62,Spoken English for Tier-3 Job Seekers,7,Banking and Insurance Customer Dealing English Phrases Course Business Ideas,"banking English business ideas, finance training startup",Language coaches,"Under ₹1,000",Training bank clerks in professional customer service English communication.
62,Spoken English for Tier-3 Job Seekers,8,Spoken English WhatsApp Daily Audio Practice Group Business Ideas,"WhatsApp English coaching business ideas, startup India",Language tutors,"Under ₹1,000",Running daily voice-note speaking practice groups for tier-3 job seekers.
62,Spoken English for Tier-3 Job Seekers,9,Security Guard Professional English Communication Training Business Ideas,"security English training business ideas, startup India",Trainers,"Under ₹1,000",Teaching polite guest greeting and visitor log English phrases to security guards.
62,Spoken English for Tier-3 Job Seekers,10,Nursing Assistant Spoken English and Medical Terminology Course Business Ideas,"nursing English business ideas, healthcare training startup",Medical English tutors,"Under ₹1,000",Teaching basic hospital conversation English to nursing diploma graduates.
63,Classical Dance Online Masterclasses,1,Bharatanatyam Online Foundation Masterclass Series Business Ideas,"Bharatanatyam online classes business ideas, dance startup",Classical dancers,"Under ₹1,000",Teaching foundational adavus and hand mudras in recorded online dance classes.
63,Classical Dance Online Masterclasses,2,Kathak Tatkaar and Rhythm Online Training Workshops Business Ideas,"Kathak online classes business ideas, dance startup India",Kathak artists,"Under ₹1,000",Hosting live online footwork and classical rhythm training masterclasses.
63,Classical Dance Online Masterclasses,3,Classical Dance Costume Styling and Rental Guidance Agency Business Ideas,"dance costume business ideas, art startup India",Costume makers,"Under ₹5,000",Supplying custom stitched classical dance ghungroos and silk costumes online.
63,Classical Dance Online Masterclasses,4,Odissi Grace and Mudra Online Coaching Sessions Business Ideas,"Odissi online classes business ideas, dance startup India",Odissi dancers,"Under ₹1,000",Teaching expressive torso movements and temple sculpture postures online.
63,Classical Dance Online Masterclasses,5,Classical Dance Fitness and Stamina Conditioning Workout Business Ideas,"dance fitness business ideas, wellness startup India",Dancers,"Under ₹1,000",Conducting classical dance-inspired aerobic stamina building online workout classes.
63,Classical Dance Online Masterclasses,6,Kuchipudi Dance Storytelling and Abhinaya Masterclass Business Ideas,"Kuchipudi online classes business ideas, dance startup",Kuchipudi artists,"Under ₹1,000",Teaching facial expression and dramatic storytelling techniques to dance students.
63,Classical Dance Online Masterclasses,7,Classical Dance Theory and Natya Shastra Online Study Circle Business Ideas,"Natya Shastra study business ideas, art startup India",Dance researchers,"Under ₹1,000",Hosting online book clubs and study circles exploring ancient dance literature.
63,Classical Dance Online Masterclasses,8,Children Folk and Semi-Classical Dance Choreography Videos Business Ideas,"kids dance choreography business ideas, startup India",Choreographers,"Under ₹1,000",Selling simple step-by-step dance choreography video packs for school functions.
63,Classical Dance Online Masterclasses,9,Ghungroo Making and Bell Tuning Craft Workshop Business Ideas,"ghungroo making business ideas, craft startup India",Traditional artisans,"Under ₹5,000",Teaching the craft of tying brass bells onto leather pads for classical dancers.
63,Classical Dance Online Masterclasses,10,Classical Dance Stage Makeup and Lighting Online Masterclass Business Ideas,"dance makeup business ideas, art startup India",Makeup artists,"Under ₹1,000",Teaching traditional stage makeup application and lighting techniques for dancers.
64,Coding Bootcamps for Non-Tech Students,1,Python Programming for Commerce Graduates Coding Bootcamp Business Ideas,"Python for commerce business ideas, edtech startup India",Software engineers,"Under ₹5,000",Teaching practical Python data analysis skills to non-technical commerce graduates.
64,Coding Bootcamps for Non-Tech Students,2,SQL and Excel Data Analytics Bootcamp for Arts Students Business Ideas,"data analytics bootcamp business ideas, edtech startup",Data analysts,"Under ₹5,000",Teaching basic SQL queries and data dashboards to humanities degree holders.
64,Coding Bootcamps for Non-Tech Students,3,No-Code App Building Bootcamp for Small Business Owners Business Ideas,"no code bootcamp business ideas, startup India",No-code developers,"Under ₹5,000",Teaching retail entrepreneurs how to build mobile apps without writing code.
64,Coding Bootcamps for Non-Tech Students,4,HTML CSS Web Design Bootcamp for Creative Writers Business Ideas,"web design bootcamp for writers business ideas, edtech startup",Web designers,"Under ₹5,000",Teaching freelance writers how to code and host their own personal portfolio websites.
64,Coding Bootcamps for Non-Tech Students,5,AI Prompt Engineering Bootcamp for Marketing Professionals Business Ideas,"AI prompt engineering bootcamp business ideas, startup India",AI consultants,"Under ₹5,000",Training marketers to use generative AI tools for content and campaign creation.
64,Coding Bootcamps for Non-Tech Students,6,Basic Automation Zapier and Make.com Bootcamp for Admin Staff Business Ideas,"automation bootcamp business ideas, productivity startup",Workflow experts,"Under ₹5,000",Teaching administrative professionals how to automate repetitive office tasks.
64,Coding Bootcamps for Non-Tech Students,7,SQL Database Basics for HR Professionals Bootcamp Business Ideas,"SQL for HR business ideas, edtech startup India",Data engineers,"Under ₹5,000",Teaching basic database searching and employee data querying to HR managers.
64,Coding Bootcamps for Non-Tech Students,8,Basic HTML Email Template Coding Bootcamp for Marketers Business Ideas,"email coding business ideas, marketing startup India",Frontend developers,"Under ₹5,000",Teaching marketers how to code responsive HTML marketing email newsletters.
64,Coding Bootcamps for Non-Tech Students,9,Shopify E-Commerce Store Management Bootcamp for Homemakers Business Ideas,"Shopify bootcamp business ideas, ecommerce startup India",E-commerce experts,"Under ₹5,000",Training homemakers on inventory management and order fulfillment on Shopify.
64,Coding Bootcamps for Non-Tech Students,10,Basic Python Scripting for Financial Analysts Bootcamp BusinessIdeas,"Python for finance business ideas, edtech startup India",Fintech developers,"Under ₹5,000",Teaching financial analysts how to automate spreadsheet tasks using Python.
65,Phonics and Early Reading Home Classes,1,Phonics After-School Reading Club for Kids Business Ideas,"phonics classes business ideas, early learning startup India",Certified phonics trainers,"Under ₹1,000",Running small group phonics reading and blending classes for children aged 4-7.
65,Phonics and Early Reading Home Classes,2,Sight Words Flashcard and Reading Kit Manufacturing Business Ideas,"sight words kit business ideas, educational startup India",Early educators,"Under ₹5,000",Designing and printing tactile sight word flashcard learning kits for kids.
65,Phonics and Early Reading Home Classes,3,Online Jolly Phonics Teacher Training Certification Business Ideas,"phonics teacher training business ideas, edtech startup",Experienced trainers,"Under ₹5,000",Conducting online certification courses for women wanting to teach phonics.
65,Phonics and Early Reading Home Classes,4,Dyslexia Friendly Reading Support Tutoring Business Ideas,"dyslexia tutoring business ideas, special education startup",Special educators,"Under ₹1,000",Using multi-sensory Orton-Gillingham phonics methods to help dyslexic readers.
65,Phonics and Early Reading Home Classes,5,Bedtime Story Audio Reading Subscription for Kids Business Ideas,"kids audiobooks business ideas, edtech startup India",Voice artists,"Under ₹1,000",Recording engaging phonics-based storybooks into weekly children audio podcasts.
65,Phonics and Early Reading Home Classes,6,Bilingual Phonics Reading Workbook Publishing Business Ideas,"bilingual phonics business ideas, educational startup India",Language educators,"Under ₹5,000",Publishing early reading workbooks combining English phonics and regional scripts.
65,Phonics and Early Reading Home Classes,7,Summer Reading Camp Program Assembly for Children Business Ideas,"summer reading camp business ideas, education startup India",Teachers,"Under ₹5,000",Hosting 4-week thematic reading camps keeping children engaged during holidays.
65,Phonics and Early Reading Home Classes,8,Early Childhood Vocabulary Building Board Game Crafting Business Ideas,"vocabulary game business ideas, toy startup India",Toy designers,"Under ₹5,000",Crafting tactile wooden letter-tile word building games for young children.
65,Phonics and Early Reading Home Classes,9,Phonics Assessment and Reading Level Diagnostic Service Business Ideas,"reading assessment business ideas, education startup India",Reading specialists,"Under ₹1,000",Testing school children reading fluency and providing parent progress reports.
65,Phonics and Early Reading Home Classes,10,Library Storytime Session Hosting for Gated Communities Business Ideas,"community storytime business ideas, startup India",Children authors,"Under ₹1,000",Hosting weekend interactive storytelling and phonics reading circles in societies.
66,AirBnB Interior Staging and Styling,1,Apartment Interior Styling for AirBnB Photo Shoots Business Ideas,"AirBnB staging business ideas, interior design startup India",Interior stylists,"Under ₹10,000","Arranging aesthetic cushions, plants, and mood lighting for rental property photos."
66,AirBnB Interior Staging and Styling,2,Vacation Rental Welcome Basket and Amenities Curation Business Ideas,"AirBnB welcome basket business ideas, hospitality startup",Gift curators,"Under ₹5,000","Assembling local snack baskets, welcome notes, and toiletries for rental guests."
66,AirBnB Interior Staging and Styling,3,Cozy Balcony Makeover Service for Rental Properties Business Ideas,"balcony staging business ideas, property startup India",Stylists,"Under ₹10,000","Setting up artificial turf, fairy lights, and seating on balconies for vacation rentals."
66,AirBnB Interior Staging and Styling,4,Smart Key Box and Self Check-In Signage Installation Service Business Ideas,"AirBnB check in business ideas, property management startup",Technicians,"Under ₹5,000",Installing lockboxes and clear instructional signage for guest self check-ins.
66,AirBnB Interior Staging and Styling,5,Vacational Rental Linen and Towel Standardization Service Business Ideas,"rental linen business ideas, hospitality startup India",Laundry providers,"Under ₹10,000",Supplying crisp hotel-grade white bedsheets and plush towels to Airbnb hosts.
66,AirBnB Interior Staging and Styling,6,Local Neighborhood Guidebook Design and Printing Service Business Ideas,"rental guidebook business ideas, property startup India",Graphic designers,"Under ₹1,000",Designing laminated aesthetic local cafe and sight recommendation guidebooks.
66,AirBnB Interior Staging and Styling,7,Vacation Rental Deep Turnover Cleaning Service Business Ideas,"AirBnB cleaning business ideas, property startup India",Cleaning specialists,"Under ₹10,000",Executing rapid turnaround deep cleaning between guest check-outs and check-ins.
66,AirBnB Interior Staging and Styling,8,Minimalist Furniture Sourcing and Assembly Service for Rentals Business Ideas,"rental furniture business ideas, startup India",Handymen,"Under ₹50,000",Buying flat-pack furniture and assembling quickly for newly listed rental flats.
66,AirBnB Interior Staging and Styling,9,Coffee Station Setup and Espresso Machine Provision for Rentals Business Ideas,"rental coffee bar business ideas, hospitality startup",Appliance curators,"Under ₹10,000",Setting up capsule coffee maker stations with mug displays for guests.
66,AirBnB Interior Staging and Styling,10,Property Maintenance Inspection and Inventory Check Service Business Ideas,"rental inspection business ideas, property startup India",Property managers,"Under ₹5,000",Conducting periodic damage inspections and inventory audits for vacation hosts.
67,Rental Property Handover Inspection Agency,1,Residential Move-Out Condition Inspection and Report Agency Business Ideas,"move out inspection business ideas, property startup India",Property inspectors,"Under ₹1,000",Inspecting rental flats during tenant move-out and documenting wall and fixture damages.
67,Rental Property Handover Inspection Agency,2,Tenant Security Deposit Deduction Calculation and Audit Service Business Ideas,"deposit audit business ideas, property service startup India",Property managers,"Under ₹1,000",Auditing utility bills and repair estimates to calculate fair security deposit refunds.
67,Rental Property Handover Inspection Agency,3,Rental Property Electrical and Plumbing Handover Check Service Business Ideas,"property handover inspection business ideas, startup",Plumbers and electricians,"Under ₹5,000","Testing taps, switches, and drainage systems during apartment key handovers."
67,Rental Property Handover Inspection Agency,4,Fresh Paint Touch-Up and Wall Patching Service for Handover Business Ideas,"paint touch up business ideas, property maintenance startup",Painters,"Under ₹5,000",Filling nail holes and touching up wall paint before tenant lease handovers.
67,Rental Property Handover Inspection Agency,5,Rental Apartment Deep Cleaning Handover Verification Business Ideas,"handover cleaning business ideas, property startup India",Cleaners,"Under ₹5,000",Inspecting and certifying apartment cleanliness prior to new tenant occupancy.
67,Rental Property Handover Inspection Agency,6,Keys and Access Card Inventory Handover Audit Service Business Ideas,"key audit business ideas, property management startup India",Inspectors,"Under ₹1,000","Cataloging and handing over gate keys, elevator tags, and digital lock cards."
67,Rental Property Handover Inspection Agency,7,Appliance Warranty and Meter Reading Recording Service Business Ideas,"utility meter inspection business ideas, startup India",Inspectors,"Under ₹1,000",Recording electricity and gas meter closing readings during property handovers.
67,Rental Property Handover Inspection Agency,8,Rental Agreement Clause Compliance Verification Service Business Ideas,"lease compliance business ideas, property startup India",Legal assistants,"Under ₹1,000",Verifying that tenant property modifications comply with lease agreement terms.
67,Rental Property Handover Inspection Agency,9,Balcony and Window Safety Grill Check Service for Handover Business Ideas,"grill safety inspection business ideas, startup India",Handymen,"Under ₹1,000",Checking structural stability of balcony grills and safety latches during lease handover.
67,Rental Property Handover Inspection Agency,10,Digital Video Walkthrough Recording Service for Property Handover Business Ideas,"property video inspection business ideas, startup India",Videographers,"Under ₹1,000",Recording high-definition timestamped video condition walkthroughs of rental homes.
68,Co-Living Tenant Onboarding Support,1,Co-Living Tenant Background Verification and KYC Agency Business Ideas,"tenant verification business ideas, co-living startup India",Security investigators,"Under ₹5,000","Verifying employment, ID proofs, and police records for incoming co-living tenants."
68,Co-Living Tenant Onboarding Support,2,Co-Living Welcome Kit and Room Essentials Delivery Service Business Ideas,"co-living welcome kit business ideas, startup India",Suppliers,"Under ₹5,000","Placing pillows, bedsheets, and toiletries in rooms for new co-living tenants."
68,Co-Living Tenant Onboarding Support,3,Co-Living Digital House Rules and Wi-Fi Guidebook Creation Business Ideas,"co-living guidebook business ideas, startup India",Designers,"Under ₹1,000",Designing scannable QR code guides for Wi-Fi passwords and house rules.
68,Co-Living Tenant Onboarding Support,4,Co-Living Common Area Chore Rota and Schedule Management Business Ideas,"chore management business ideas, co-living startup India",Community managers,"Under ₹1,000",Setting up digital schedules and cleaning rotas for shared kitchen spaces.
68,Co-Living Tenant Onboarding Support,5,Co-Living Utility Bill Splitting and Automated Calculation Service Business Ideas,"utility splitting business ideas, co-living startup India",Finance assistants,"Under ₹1,000",Calculating electricity and water bills per tenant using smart sub-meter readings.
68,Co-Living Tenant Onboarding Support,6,Co-Living Move-In Day Baggage and Furniture Assistance Service Business Ideas,"move in assistance business ideas, startup India",Local movers,"Under ₹5,000",Helping new co-living tenants move heavy luggage and suitcases into rooms.
68,Co-Living Tenant Onboarding Support,7,Co-Living Community Movie Night and Social Event Organization Business Ideas,"community event business ideas, co-living startup India",Community hosts,"Under ₹5,000",Organizing weekend board game nights and movie screenings for co-living residents.
68,Co-Living Tenant Onboarding Support,8,Co-Living Quick Maintenance Ticket Triage and Routing Service Business Ideas,"maintenance ticketing business ideas, startup India",Admin assistants,"Under ₹1,000",Receiving tenant repair complaints and dispatching electricians and plumbers.
68,Co-Living Tenant Onboarding Support,9,Co-Living Emergency First Aid Kit and Safety Audit Service Business Ideas,"co-living safety business ideas, startup India",Safety supervisors,"Under ₹5,000",Inspecting fire extinguishers and restocking medical first aid boxes in co-living homes.
68,Co-Living Tenant Onboarding Support,10,Co-Living Tenant Exit Feedback and Room Check-Out Service Business Ideas,"tenant exit business ideas, property startup India",Property managers,"Under ₹1,000",Conducting exit interviews and room condition checks when tenants move out.
69,Short-Term Vacation Rental Linen Laundering,1,Commercial Hotel-Grade Linen Laundry Service for AirBnB Hosts Business Ideas,"linen laundry business ideas, hospitality startup India",Laundry entrepreneurs,"Under ₹50,000","Washing, bleaching, and commercial ironing of white bedsheets for rental hosts."
69,Short-Term Vacation Rental Linen Laundering,2,Vacation Rental Duvet and Comforter Dry Cleaning Service Business Ideas,"duvet cleaning business ideas, laundry startup India",Cleaners,"Under ₹10,000",Dry cleaning bulky bed duvets and synthetic comforters for vacation properties.
69,Short-Term Vacation Rental Linen Laundering,3,Urgent Same-Day Linen Turnaround Service for Rental Hosts Business Ideas,"express laundry business ideas, hospitality startup India",Laundry operators,"Under ₹10,000",Providing rapid 4-hour washing and pressing for guest linen during quick turnovers.
69,Short-Term Vacation Rental Linen Laundering,4,Vacation Rental Plush Bath Towel Sanitization and Softening Service Business Ideas,"towel laundering business ideas, hospitality startup",Laundry services,"Under ₹5,000",Washing guest bath towels with fabric softeners and sanitizing against odors.
69,Short-Term Vacation Rental Linen Laundering,5,Vacuum Compression Packaging Service for Seasonal Rental Linens Business Ideas,"vacuum packing business ideas, storage startup India",Organizers,"Under ₹5,000",Vacuum-sealing winter blankets and extra linens to save storage space for hosts.
69,Short-Term Vacation Rental Linen Laundering,6,Rental Property Cushion Cover and Throw Pillow Refresh Service Business Ideas,"pillow cleaning business ideas, startup India",Cleaners,"Under ₹5,000",Dry cleaning decorative sofa throw pillow covers and cushion inserts.
69,Short-Term Vacation Rental Linen Laundering,7,Stain Removal Specialized Treatment Service for Vacation Linens Business Ideas,"stain removal business ideas, laundry startup India",Laundry experts,"Under ₹5,000",Treating stubborn wine and coffee stains on white vacation rental bedsheets.
69,Short-Term Vacation Rental Linen Laundering,8,Rental Kitchen Linen Tea Towel Sanitization and Bleaching Service Business Ideas,"kitchen towel cleaning business ideas, startup",Laundry providers,"Under ₹1,000",Boil-washing and bleaching greasy cotton kitchen dish towels for rental hosts.
69,Short-Term Vacation Rental Linen Laundering,9,Fragrance Infusion and Scented Linen Packaging Service Business Ideas,"scented laundry business ideas, startup India",Laundry processors,"Under ₹5,000",Infusing freshly laundered sheets with calming lavender scents before bagging.
69,Short-Term Vacation Rental Linen Laundering,10,Rental Property Linen Inventory Tracking and Replacement Audit Service Business Ideas,"linen audit business ideas, hospitality startup",Inventory managers,"Under ₹1,000",Counting and replacing torn or stained bedsheets across vacation rental properties.
70,Society Maintenance Bill Collection Services,1,Apartment Society Maintenance Due Reminder Automation Agency Business Ideas,"maintenance collection business ideas, residential startup India",Admin assistants,"Under ₹1,000",Sending automated WhatsApp and SMS payment reminder alerts for society dues.
70,Society Maintenance Bill Collection Services,2,Society Sinking Fund and Fixed Deposit Tracking Service Business Ideas,"society accounting business ideas, residential startup India",Junior accountants,"Under ₹1,000",Tracking apartment society corpus funds and fixed deposit maturity dates.
70,Society Maintenance Bill Collection Services,3,Society Utility Bill Payment and Municipal Tax Errand Agency Business Ideas,"utility payment business ideas, residential startup India",Bill collectors,"Under ₹1,000","Paying physical water, electricity, and property taxes for housing societies."
70,Society Maintenance Bill Collection Services,4,Resident Gate Pass and Vehicle Sticker Fee Collection Service Business Ideas,"gate pass collection business ideas, startup India",Society staff,"Under ₹1,000",Collecting fees and issuing RFID car windshield stickers for apartment residents.
70,Society Maintenance Bill Collection Services,5,Society Notice Board Digital Newsletter and Billing Update Service Business Ideas,"society newsletter business ideas, proptech startup India",Designers,"Under ₹1,000",Designing monthly financial statement notice board posters for housing societies.
70,Society Maintenance Bill Collection Services,6,Society Vendor Payment Processing and Ledger Reconciliation Business Ideas,"society vendor accounting business ideas, startup",Accountants,"Under ₹1,000",Processing security guard and housekeeping vendor payments and ledger reconciliations.
70,Society Maintenance Bill Collection Services,7,Society Clubhouse Rental Fee and Deposit Collection Service Business Ideas,"clubhouse booking business ideas, residential startup India",Facility managers,"Under ₹1,000",Collecting party hall booking fees and security deposits from apartment residents.
70,Society Maintenance Bill Collection Services,8,Society Annual General Meeting Financial Report Printing and Binding Business Ideas,"AGM report printing business ideas, startup",Publishers,"Under ₹5,000",Printing and spiral binding annual audited financial reports for society members.
70,Society Maintenance Bill Collection Services,9,Society Defaulter Follow-Up and Legal Notice Coordination Agency Business Ideas,"maintenance defaulter follow up business ideas, startup",Legal assistants,"Under ₹1,000",Drafting formal warning notices for chronic maintenance fee defaulters.
70,Society Maintenance Bill Collection Services,10,Society Digital Payment Gateway Setup and Training Workshop Business Ideas,"society digital payment business ideas, proptech startup",Tech consultants,"Under ₹5,000",Setting up UPI collection QR codes and training society treasurers on software.
71,Desk Ergonomics and Posture Consulting,1,Corporate Work-From-Home Ergonomics Setup Consulting Business Ideas,"ergonomics consulting business ideas, remote work startup India",Physiotherapists,"Under ₹1,000",Assessing desk chair height and monitor levels via video call for remote workers.
71,Desk Ergonomics and Posture Consulting,2,Office Desk Standing Converter Sourcing and Installation Service Business Ideas,"standing desk business ideas, office ergonomic startup India",Office suppliers,"Under ₹10,000",Sourcing and installing adjustable desktop standing converter risers for workers.
71,Desk Ergonomics and Posture Consulting,3,Ergonomic Lumbar Cushion and Footrest Delivery Service Business Ideas,"ergonomic cushion business ideas, health startup India",Product curators,"Under ₹5,000",Supplying memory foam back support cushions and footrests to desk workers.
71,Desk Ergonomics and Posture Consulting,4,Corporate Office Posture Correction Workshop Agency Business Ideas,"posture workshop business ideas, corporate wellness startup",Physiotherapists,"Under ₹5,000",Conducting posture awareness and stretching workshops in corporate offices.
71,Desk Ergonomics and Posture Consulting,5,Laptop Stand and External Keyboard Mouse Combo Curation Service Business Ideas,"laptop stand business ideas, tech accessory startup",Product curators,"Under ₹5,000",Curating ergonomic laptop risers and wireless keyboards for desk ergonomics.
71,Desk Ergonomics and Posture Consulting,6,Desk Lighting and Task Lamp Anti-Glare Setup Service Business Ideas,"desk lighting business ideas, ergonomic startup India",Lighting consultants,"Under ₹5,000",Recommending and supplying eye-care anti-glare LED desk lamps for home offices.
71,Desk Ergonomics and Posture Consulting,7,Carpal Tunnel Wrist Rest and Ergonomic Mouse Pad Supply Business Ideas,"wrist rest business ideas, ergonomic startup India",Suppliers,"Under ₹1,000",Supplying memory foam wrist support pads for computer keyboard and mouse users.
71,Desk Ergonomics and Posture Consulting,8,Lower Back Pain Relief Stretching Plan Digital Subscription Business Ideas,"back pain relief business ideas, fitness startup India",Physiotherapists,"Under ₹1,000",Creating customized daily desk stretching video routines for office workers.
71,Desk Ergonomics and Posture Consulting,9,Monitor Arm Desk Mount Installation and Cable Management Service Business Ideas,"monitor arm installation business ideas, startup India",Handymen,"Under ₹5,000",Clamping dual monitor arms onto desks and organizing tangled cables cleanly.
71,Desk Ergonomics and Posture Consulting,10,Corporate Ergonomic Assessment Audit and Reporting Agency Business Ideas,"ergonomic audit business ideas, B2B wellness startup",Ergonomists,"Under ₹10,000",Auditing corporate office seating posture compliance and issuing improvement reports.
72,Post-Partum Ayurvedic Meal Preparation,1,Traditional Postpartum Healing Soup and Concoction Delivery Business Ideas,"postpartum food business ideas, ayurvedic startup India",Traditional cooks,"Under ₹10,000",Brewing traditional healing herbal soups and tonics for new mothers at home.
72,Post-Partum Ayurvedic Meal Preparation,2,Ayurvedic Gond Ladoo and Dry Fruit Panjiri Preparation Business Ideas,"gond ladoo business ideas, postpartum sweet startup India",Homemakers,"Under ₹10,000",Making traditional strengthening wheat and gum resins ladoos for new mothers.
72,Post-Partum Ayurvedic Meal Preparation,3,Post-Partum Lactation Boosting Herb Powder Packaging Business Ideas,"lactation powder business ideas, ayurvedic startup India",Herbalists,"Under ₹5,000",Blending Shatavari and fenugreek powders into lactation-enhancing herbal mixes.
72,Post-Partum Ayurvedic Meal Preparation,4,New Mother Rice Gruel and Digestive Meal Preparation Service Business Ideas,"postpartum diet business ideas, health food startup India",Home chefs,"Under ₹10,000",Cooking easily digestible cumin and garlic infused rice porridges for recovering moms.
72,Post-Partum Ayurvedic Meal Preparation,5,Ayurvedic Body Massage Oil Infusion for Post-Partum Mothers Business Ideas,"massage oil business ideas, ayurvedic startup India",Traditional herbal processors,"Under ₹10,000",Infusing sesame and almond oils with warming herbs for postpartum body massage.
72,Post-Partum Ayurvedic Meal Preparation,6,Postpartum Herbal Bath Water Water-Herb Packet Assembly Business Ideas,"herbal bath business ideas, postpartum startup India",Herbalists,"Under ₹1,000",Packaging boiled medicinal eucalyptus and neem leaves in cloth bags for postpartum baths.
72,Post-Partum Ayurvedic Meal Preparation,7,Ajwain and Jeera Digestive Water Sachet Distribution Business Ideas,"digestive water business ideas, startup India",Food packers,"Under ₹1,000",Packing roasted carom seeds and cumin into boiling water sachets for new mothers.
72,Post-Partum Ayurvedic Meal Preparation,8,Traditional Jaggery and Pepper Concoction for Postpartum Cough Business Ideas,"ayurvedic remedy business ideas, startup India",Traditional cooks,"Under ₹5,000",Preparing traditional black pepper and jaggery cough and immunity drops.
72,Post-Partum Ayurvedic Meal Preparation,9,Post-Partum Weekly Meal Subscription Planning and Delivery Business Ideas,"postpartum meal delivery business ideas, startup India",Home cooks,"Under ₹10,000",Delivering 40 days of customized traditional postnatal recovery meals to homes.
72,Post-Partum Ayurvedic Meal Preparation,10,Post-Partum Herbal Tea Blend for Digestion Packaging Business Ideas,"postpartum tea business ideas, startup India",Herbalists,"Under ₹5,000","Blending fennel, coriander, and cumin seeds into soothing postpartum digestive teas."
73,Herbal Hair Oil and Skincare Formulation,1,Cold-Pressed Coconut Herbal Hair Oil Infusion Business Ideas,"herbal hair oil business ideas, organic beauty startup India",Traditional formulators,"Under ₹10,000","Boiling fresh curry leaves, amla, and hibiscus flowers into cold-pressed coconut oil."
73,Herbal Hair Oil and Skincare Formulation,2,Handmade Neem and Turmeric Soap Bar Production Business Ideas,"neem soap business ideas, organic skincare startup India",Soap artisans,"Under ₹5,000",Cold-process soap making using raw neem oil and organic turmeric for acne-prone skin.
73,Herbal Hair Oil and Skincare Formulation,3,Ubtan Traditional Face Pack Powder Packaging Business Ideas,"ubtan business ideas, natural skincare startup India",Cosmetic crafters,"Under ₹5,000","Blending chickpea flour, sandalwood powder, and dried orange peels into face ubtan."
73,Herbal Hair Oil and Skincare Formulation,4,Rose Water Floral Toner Bottling Agency Business Ideas,"rose water business ideas, natural toner startup India",Botanical processors,"Under ₹10,000",Steam-distilling fresh rose petals into pure natural facial toner water bottles.
73,Herbal Hair Oil and Skincare Formulation,5,Aloevera and Cucumber Gel Moisturizer Production Business Ideas,"aloe vera gel business ideas, skincare startup India",Formulators,"Under ₹5,000",Extracting fresh aloe pulp and blending with cucumber juice into hydrating gels.
73,Herbal Hair Oil and Skincare Formulation,6,Bhringraj and Onion Hair Growth Serum Bottling Business Ideas,"onion hair oil business ideas, beauty startup India",Cosmetic makers,"Under ₹10,000",Extracting red onion juice and blending with bhringraj oil for hair fall control.
73,Herbal Hair Oil and Skincare Formulation,7,Natural Beeswax Lip Balm Crafting Business Ideas,"lip balm business ideas, organic beauty startup India",Crafters,"Under ₹5,000","Melting pure beeswax, shea butter, and almond oil to make tinted lip balms."
73,Herbal Hair Oil and Skincare Formulation,8,Multani Mitti Fullers Earth Face Pack Powder Packaging Business Ideas,"clay face pack business ideas, skincare startup India",Packagers,"Under ₹1,000",Sourcing pure mineral fuller's earth clay and packaging for deep cleansing masks.
73,Herbal Hair Oil and Skincare Formulation,9,Sandalwood and Saffron Night Face Cream Production Business Ideas,"face cream business ideas, luxury skincare startup India",Formulators,"Under ₹10,000",Blending shea butter with pure saffron strands and sandalwood essential oil.
73,Herbal Hair Oil and Skincare Formulation,10,Natural Foot Care Pumice Stone and Herbal Balm Set Assembly Business Ideas,"foot care business ideas, beauty startup India",Gift curators,"Under ₹5,000",Assembling natural pumice stones and soothing peppermint foot balms into kits.
74,Personalized Diet Chart Creation for Diabetics,1,Diabetic Friendly Meal Plan Subscription Agency Business Ideas,"diabetic diet business ideas, health startup India",Clinical nutritionists,"Under ₹1,000",Creating personalized weekly low-glycemic meal charts for diabetic patients.
74,Personalized Diet Chart Creation for Diabetics,2,Diabetic Snack Box Curation and Doorstep Delivery Business Ideas,"diabetic snack business ideas, health food startup India",Dietitians,"Under ₹10,000","Curating and delivering low-carb, sugar-free roasted seed snacks for diabetics."
74,Personalized Diet Chart Creation for Diabetics,3,Gestational Diabetes Diet Counseling Service for Expecting Mothers Business Ideas,"gestational diabetes diet business ideas, healthcare startup",Nutritionists,"Under ₹1,000",Providing specialized blood sugar control diet consultations for pregnant women.
74,Personalized Diet Chart Creation for Diabetics,4,Diabetic Friendly Millet Roti and Khakhra Delivery Service Business Ideas,"diabetic bakery business ideas, health food startup India",Home bakers,"Under ₹10,000","Baking zero-maida, high-fiber millet flatbreads for diabetic customers daily."
74,Personalized Diet Chart Creation for Diabetics,5,Continuous Glucose Monitor Data Analysis and Diet Correction Service Business Ideas,"CGM data analysis business ideas, health startup India",Diet coaches,"Under ₹1,000",Analyzing digital CGM glucose spike data and suggesting dietary adjustments.
74,Personalized Diet Chart Creation for Diabetics,6,Diabetic Footcare Socks and Orthopedic Insole Curation Service Business Ideas,"diabetic footwear business ideas, healthcare startup",Product curators,"Under ₹5,000",Sourcing seamless diabetic socks and therapeutic soft insoles for neuropathy.
74,Personalized Diet Chart Creation for Diabetics,7,Diabetic Friendly Herbal Tea Blend Packaging Business Ideas,"diabetic tea business ideas, herbal startup India",Herbalists,"Under ₹5,000",Blending gymnema sylvestre and cinnamon into blood-sugar-regulating herbal teas.
74,Personalized Diet Chart Creation for Diabetics,8,Corporate Diabetic Wellness Seminar and Diet Coaching Agency Business Ideas,"corporate diabetic wellness business ideas, startup",Nutritionists,"Under ₹5,000",Conducting workplace diabetes prevention and healthy eating seminars for employees.
74,Personalized Diet Chart Creation for Diabetics,9,Diabetic Recipe E-Book Writing and Digital Publishing Business Ideas,"diabetic cookbook business ideas, digital product startup",Dietitians,"Under ₹1,000",Writing and self-publishing digital Indian recipe e-books for diabetic diets.
74,Personalized Diet Chart Creation for Diabetics,10,Senior Citizen Diabetic Meal Prep Home Delivery Service Business Ideas,"senior diabetic tiffin business ideas, startup India",Home chefs,"Under ₹10,000","Cooking and delivering sugar-free, soft lunches to elderly diabetic patients."
75,Home Physiotherapy Equipment Rental,1,Patient Hospital Bed Rental and Delivery Agency Business Ideas,"hospital bed rental business ideas, medical startup India",Medical equipment suppliers,"Under ₹50,000",Renting adjustable manual and motorized hospital beds to home recovery patients.
75,Home Physiotherapy Equipment Rental,2,Wheelchair and Walker Equipment Rental Service Business Ideas,"wheelchair rental business ideas, medical startup India",Equipment providers,"Under ₹10,000",Providing short and long-term rental of lightweight wheelchairs and walking frames.
75,Home Physiotherapy Equipment Rental,3,Continuous Passive Motion CPM Knee Machine Rental Service Business Ideas,"CPM machine rental business ideas, medical startup India",Medical suppliers,"Under ₹50,000",Renting post-knee surgery CPM rehabilitation exercise machines to home patients.
75,Home Physiotherapy Equipment Rental,4,Portable Oxygen Concentrator Rental and Refill Service Business Ideas,"oxygen concentrator rental business ideas, healthcare startup",Medical equipment dealers,"Under ₹50,000",Renting medical-grade oxygen concentrators and pulse oximeters to patients.
75,Home Physiotherapy Equipment Rental,5,Deep Vein Thrombosis DVT Pump Rental Service Business Ideas,"DVT pump rental business ideas, medical startup India",Suppliers,"Under ₹50,000",Renting DVT compression therapy sleeves and machines for post-surgery recovery.
75,Home Physiotherapy Equipment Rental,6,TENS Pain Relief Machine Rental and Pad Supply Business Ideas,"TENS machine rental business ideas, healthcare startup",Equipment providers,"Under ₹5,000",Renting portable electronic TENS muscle stimulation units for back pain relief.
75,Home Physiotherapy Equipment Rental,7,Bedside Commode Chair and Shower Stool Rental Service Business Ideas,"commode chair rental business ideas, medical startup",Equipment suppliers,"Under ₹10,000",Renting portable sanitary commode chairs and shower stools for elderly patients.
75,Home Physiotherapy Equipment Rental,8,Ultrasonic Nebulizer Machine Rental and Mask Curation Business Ideas,"nebulizer rental business ideas, medical startup India",Suppliers,"Under ₹5,000",Renting quiet ultrasonic nebulizer breathing machines for asthma patients.
75,Home Physiotherapy Equipment Rental,9,Cervical Traction and Lumbar Stretch Device Rental Service Business Ideas,"traction device rental business ideas, healthcare startup",Equipment providers,"Under ₹10,000",Renting over-door cervical traction kits and spine stretching apparatus.
75,Home Physiotherapy Equipment Rental,10,Patient Air Mattress Anti-Decubitus Pump Rental Service Business Ideas,"air mattress rental business ideas, medical startup India",Suppliers,"Under ₹10,000",Renting alternating pressure air mattresses to prevent bed sores in immobile patients.
76,Terrace Hydroponics System Installation,1,Residential Balcony PVC Pipe Hydroponics Setup Business Ideas,"hydroponics setup business ideas, urban farming startup India",Hydroponics installers,"Under ₹10,000",Installing nutrient film technique PVC pipe NFT channels on apartment balconies.
76,Terrace Hydroponics System Installation,2,Terrace Drip Hydroponics Dutch Bucket System Installation Business Ideas,"dutch bucket hydroponics business ideas, startup India",Urban farmers,"Under ₹50,000",Setting up drip irrigation Dutch bucket systems for growing tomatoes on terraces.
76,Terrace Hydroponics System Installation,3,Hydroponics Nutrient Solution Mixing and Testing Service Business Ideas,"hydroponics nutrient service business ideas, startup",Agri consultants,"Under ₹5,000",Testing EC and pH levels of hydroponic water tanks and balancing nutrients.
76,Terrace Hydroponics System Installation,4,Vertical Tower Hydroponics System Assembly and Supply Business Ideas,"vertical hydroponics business ideas, startup India",Installers,"Under ₹50,000",Assembling vertical aeroponic tower growing systems for small rooftop spaces.
76,Terrace Hydroponics System Installation,5,Hydroponics Seedling Rockwool Cube Nursery Raising Service Business Ideas,"rockwool seedlings business ideas, urban farming startup",Agri grads,"Under ₹5,000",Germinating leafy green seeds in rockwool cubes for hydroponic growers.
76,Terrace Hydroponics System Installation,6,Home Hydroponics System Maintenance and Cleaning Service Business Ideas,"hydroponics maintenance business ideas, startup India",Service technicians,"Under ₹10,000",Cleaning algae from water reservoirs and sanitizing hydroponic channels.
76,Terrace Hydroponics System Installation,7,Hydroponics LED Grow Light Installation for Indoor Farms Business Ideas,"grow light installation business ideas, indoor farming startup",Electricians,"Under ₹10,000",Mounting full-spectrum LED horticultural grow lights over indoor hydroponic racks.
76,Terrace Hydroponics System Installation,8,NFT Hydroponics Channel Net Pot Supply Business Ideas,"net pots business ideas, hydroponics startup India",Suppliers,"Under ₹5,000",Importing and distributing plastic net pots and clay pebbles for hydroponic growers.
76,Terrace Hydroponics System Installation,9,Hydroponics Starter Kit Curation and Packaging Business Ideas,"hydroponics kit business ideas, urban farming startup",Agri entrepreneurs,"Under ₹10,000","Curating DIY home hydroponics starter boxes with nutrients, seeds, and pumps."
76,Terrace Hydroponics System Installation,10,Terrace Shade Net and Waterproofing Protection Setup Business Ideas,"terrace shade net business ideas, urban farming startup",Installers,"Under ₹10,000",Installing agricultural green shade nets and protective flooring for terrace farms.
77,Urban Mushroom Cultivation at Home,1,Oyster Mushroom Spawn Bag Cultivation Setup Business Ideas,"oyster mushroom business ideas, urban farming startup India",Mushroom growers,"Under ₹5,000",Inoculating sterilized straw bags with oyster mushroom spawn for home harvesting.
77,Urban Mushroom Cultivation at Home,2,Milky Mushroom Cultivation Kit Manufacturing Business Ideas,"milky mushroom business ideas, agri startup India",Mushroom spawn producers,"Under ₹5,000",Assembling ready-to-grow milky mushroom bags in cardboard boxes for urban homes.
77,Urban Mushroom Cultivation at Home,3,Button Mushroom Composting and Casing Material Supply Business Ideas,"button mushroom business ideas, farming startup India",Agri processors,"Under ₹10,000",Supplying prepared compost bags and casing soil for indoor button mushroom growing.
77,Urban Mushroom Cultivation at Home,4,Dried Mushroom Slicing and Packaging Agency Business Ideas,"dried mushroom business ideas, food processing startup",Food packers,"Under ₹5,000",Dehydrating harvested fresh mushrooms and packaging in moisture-proof pouches.
77,Urban Mushroom Cultivation at Home,5,Mushroom Powder Seasoning Salt Manufacturing Business Ideas,"mushroom seasoning business ideas, food startup India",Food creators,"Under ₹5,000",Blending dried mushroom powder with garlic and salt into umami cooking seasoning.
77,Urban Mushroom Cultivation at Home,6,Home Mushroom Cultivation Online Workshop Hosting Business Ideas,"mushroom workshop business ideas, urban farming startup",Mushroom experts,"Under ₹1,000",Teaching indoor mushroom growing techniques via online video masterclasses.
77,Urban Mushroom Cultivation at Home,7,Fresh Mushroom Doorstep Delivery to Local Restaurants Business Ideas,"mushroom delivery business ideas, cloud kitchen startup",Growers,"Under ₹10,000",Harvesting and supplying fresh gourmet mushrooms to local cafes and restaurants.
77,Urban Mushroom Cultivation at Home,8,Mushroom Spawn Culture Multiplication Lab Service Business Ideas,"mushroom spawn lab business ideas, biotechnology startup",Biotech grads,"Under ₹50,000",Multiplication of pure mushroom mycelium culture test tubes for growers.
77,Urban Mushroom Cultivation at Home,9,Mushroom Coffee Blend Manufacturing and Packaging Business Ideas,"mushroom coffee business ideas, health beverage startup",Beverage makers,"Under ₹10,000",Blending powdered medicinal lion's mane and chaga mushrooms with coffee.
77,Urban Mushroom Cultivation at Home,10,Mushroom Growing Humidity Tent and Misting Kit Assembly Business Ideas,"mushroom tent business ideas, farming startup India",Equipment suppliers,"Under ₹5,000",Assembling small plastic humidity tents and automatic misting pumps for growers.
78,Exotic Microgreens Commercial Growing,1,Broccoli and Radish Microgreens Home Farming Business Ideas,"microgreens business ideas, urban farming startup India",Urban farmers,"Under ₹5,000",Growing fast-harvest nutrient-dense microgreens in shallow trays for local delivery.
78,Exotic Microgreens Commercial Growing,2,Microgreens Subscription Box Delivery to Gourmet Restaurants Business Ideas,"microgreens delivery business ideas, restaurant startup",Growers,"Under ₹10,000",Supplying weekly fresh living microgreen trays to fine-dining chefs.
78,Exotic Microgreens Commercial Growing,3,Hydroponic Microgreens Mat and Coco Peat Supply Business Ideas,"microgreens supplies business ideas, urban farming startup",Suppliers,"Under ₹5,000",Supplying sterile hemp fiber growing mats and organic seeds for microgreen growers.
78,Exotic Microgreens Commercial Growing,4,Microgreens Salad Dressing and Garnish Kit Production Business Ideas,"microgreens salad business ideas, food startup India",Food creators,"Under ₹5,000",Packing fresh microgreens with artisanal dressings in chilled takeaway boxes.
78,Exotic Microgreens Commercial Growing,5,Home Microgreens Growing Kit Manufacturing Business Ideas,"microgreens kit business ideas, urban gardening startup",Agri entrepreneurs,"Under ₹5,000","Assembling DIY microgreens growing kits with trays, seeds, and coco mats for gifting."
78,Exotic Microgreens Commercial Growing,6,Microgreens Powder Supplement Capsule Manufacturing Business Ideas,"microgreens powder business ideas, health supplement startup",Processors,"Under ₹10,000",Dehydrating mixed microgreens into green superfood dietary supplement powder.
78,Exotic Microgreens Commercial Growing,7,Microgreens Masterclass Online Training Workshop Business Ideas,"microgreens workshop business ideas, urban farming startup",Farmers,"Under ₹1,000",Teaching commercial microgreens growing and sales techniques online.
78,Exotic Microgreens Commercial Growing,8,Basil and Cilantro Microgreens Fresh Packaged Retail Business Ideas,"basil microgreens business ideas, grocery startup India",Growers,"Under ₹10,000",Packaging fresh culinary herb microgreens in clamshell boxes for supermarkets.
78,Exotic Microgreens Commercial Growing,9,Microgreens Lighting and Vertical Rack Setup Service Business Ideas,"microgreens rack business ideas, indoor farming startup",Installers,"Under ₹20,000",Setting up indoor shelving racks with LED grow lights for microgreen farming.
78,Exotic Microgreens Commercial Growing,10,Sunflower Shoots Microgreen Bulk Supply to Juice Bars Business Ideas,"sunflower microgreens business ideas, juice bar startup",Growers,"Under ₹10,000",Supplying nutty-flavored sunflower greens to local organic juice bars.
79,Organic Honey Harvesting and Bottling,1,Raw Multi-Flora Wild Honey Sourcing and Bottling Business Ideas,"raw honey business ideas, organic food startup India",Beekeepers,"Under ₹10,000","Sourcing unheated, unfiltered wild forest honey and bottling in glass jars."
79,Organic Honey Harvesting and Bottling,2,Comb Honey Packaging in Wooden Frames Business Ideas,"comb honey business ideas, artisanal food startup India",Honey farmers,"Under ₹10,000",Harvesting raw edible honeycomb in small wooden frames for gourmet retail.
79,Organic Honey Harvesting and Bottling,3,Honey Infused with Kashmiri Saffron Bottling Business Ideas,"saffron honey business ideas, luxury food startup India",Food curators,"Under ₹10,000",Infusing pure raw honey with high-grade Kashmiri saffron threads.
79,Organic Honey Harvesting and Bottling,4,Raw Honey Infused with Organic Garlic Cloves Business Ideas,"garlic honey business ideas, health food startup India",Beekeepers,"Under ₹5,000",Submerging peeled garlic cloves in raw honey for natural immune health.
79,Organic Honey Harvesting and Bottling,5,Backyard Beekeeping Starter Kit Assembly and Sales Business Ideas,"beekeeping kit business ideas, agriculture startup India",Beekeeping suppliers,"Under ₹20,000","Assembling wooden beehives, smoker boxes, and protective suits for hobbyists."
79,Organic Honey Harvesting and Bottling,6,Ajwain Honey Sourcing and Monofloral Packaging Business Ideas,"ajwain honey business ideas, organic honey startup India",Apiary owners,"Under ₹10,000",Collecting pure nectar honey from mustard and ajwain flower farms during season.
79,Organic Honey Harvesting and Bottling,7,Honey and Ginger Throat Lozenges Manufacturing Business Ideas,"honey lozenges business ideas, natural health startup",Confectioners,"Under ₹10,000",Boiling raw honey and ginger juice into hard lozenges for throat relief.
79,Organic Honey Harvesting and Bottling,8,Propolis and Honey Facial Mask Formulation Business Ideas,"propolis skincare business ideas, organic beauty startup",Formulators,"Under ₹10,000",Blending bee propolis extract with raw honey into antibacterial face masks.
79,Organic Honey Harvesting and Bottling,9,Beekeeping Consultancy and Hive Inspection Service Business Ideas,"beekeeping consulting business ideas, startup India",Expert apiarists,"Under ₹5,000",Visiting hobby farms to inspect beehive health and disease management.
79,Organic Honey Harvesting and Bottling,10,Single-Origin Acacia Honey Bottling and Export Prep Business Ideas,"acacia honey business ideas, food export startup India",Honey processors,"Under ₹50,000",Filtering and packaging light clear acacia honey for premium retail markets.
80,Ornamental Plant Nursery and Maintenance,1,Indoor Snake Plant and ZZ Plant Propagation Nursery Business Ideas,"indoor plant nursery business ideas, startup India",Horticulturists,"Under ₹10,000",Propagating low-light indoor plants in small nursery pots for home decor buyers.
80,Ornamental Plant Nursery and Maintenance,2,Corporate Office Indoor Plant Leasing and Maintenance Service Business Ideas,"plant rental business ideas, corporate startup India",Plant nurseries,"Under ₹50,000",Supplying and maintaining potted indoor foliage plants inside corporate offices.
80,Ornamental Plant Nursery and Maintenance,3,Balcony Flowering Season Annual Seedling Nursery Business Ideas,"flower seedling nursery business ideas, gardening startup",Gardeners,"Under ₹5,000",Growing petunia and marigold flower seedlings in trays for seasonal home gardeners.
80,Ornamental Plant Nursery and Maintenance,4,Succulent and Cacti Terrarium Assembly Business Ideas,"terrarium business ideas, gift startup India",Plant crafters,"Under ₹10,000",Arranging tiny exotic succulents and crystals inside glass terrarium bowls.
80,Ornamental Plant Nursery and Maintenance,5,Residential Garden Maintenance and Pruning Service Business Ideas,"garden maintenance business ideas, home service startup",Gardeners,"Under ₹5,000","Visiting residential villas weekly to prune lawns, water plants, and apply fertilizer."
80,Ornamental Plant Nursery and Maintenance,6,Wedding and Event Temporary Plant Rental Agency Business Ideas,"event plant rental business ideas, wedding startup India",Nurseries,"Under ₹20,000",Renting large potted palms and ficus trees for wedding stage decoration.
80,Ornamental Plant Nursery and Maintenance,7,Vertical Green Wall Installation and Irrigation Service Business Ideas,"vertical garden installation business ideas, startup",Landscapers,"Under ₹50,000",Installing modular green living walls with automated drip watering on building facades.
80,Ornamental Plant Nursery and Maintenance,8,Rare Variegated Houseplant Propagation and Collector Sales Business Ideas,"rare plant business ideas, horticulture startup India",Plant collectors,"Under ₹20,000",Propagating rare variegated monstera and philodendron cuttings for plant collectors.
80,Ornamental Plant Nursery and Maintenance,9,Ceramic Plant Pot Painting and Customization Service Business Ideas,"pot painting business ideas, craft startup India",Artists,"Under ₹5,000",Painting aesthetic geometric patterns onto plain terracotta and ceramic plant pots.
80,Ornamental Plant Nursery and Maintenance,10,Bonsai Tree Training and Pruning Masterclass Workshop Business Ideas,"bonsai workshop business ideas, gardening startup India",Bonsai artists,"Under ₹5,000","Conducting workshops teaching wiring, pruning, and shaping miniature bonsai trees."
81,Two-Wheeler Doorstep Periodic Servicing,1,Doorstep Two-Wheeler Periodic Oil Change and Tune-Up Service Business Ideas,"doorstep bike service business ideas, mobile mechanic startup",Mechanics,"Under ₹10,000",Visiting client parking spots with tools to change engine oil and spark plugs on bikes.
81,Two-Wheeler Doorstep Periodic Servicing,2,Scooter Transmission CVT Cleaning and Belt Replacement Service Business Ideas,"scooter repair business ideas, mobile mechanic startup",Mechanics,"Under ₹5,000",Opening scooter clutch covers to clean CVT dust and replace worn rubber drive belts.
81,Two-Wheeler Doorstep Periodic Servicing,3,Bike Chain Cleaning Lube and Sprocket Inspection Service Business Ideas,"bike chain service business ideas, mobile mechanic startup",Technicians,"Under ₹5,000",Degreasing motorcycle drive chains and applying high-performance lubricants on site.
81,Two-Wheeler Doorstep Periodic Servicing,4,Two-Wheeler Battery Health Testing and Terminal Cleaning Service Business Ideas,"bike battery service business ideas, startup India",Mechanics,"Under ₹1,000",Testing motorcycle battery voltage and cleaning corrosion from battery terminals.
81,Two-Wheeler Doorstep Periodic Servicing,5,Scooter Flat Tyre Puncture Repair and Tubeless Patching Service BusinessIdeas,"scooter puncture repair business ideas, mobile service startup",Mechanics,"Under ₹5,000",Carrying portable air compressors and patch kits for roadside scooter repairs.
81,Two-Wheeler Doorstep Periodic Servicing,6,Bike Brake Pad Replacement and Fluid Bleeding Service Business Ideas,"bike brake service business ideas, mobile mechanic startup",Technicians,"Under ₹5,000",Replacing worn brake shoes and bleeding hydraulic brake fluid for motorcycles.
81,Two-Wheeler Doorstep Periodic Servicing,7,Two-Wheeler Carburetor Cleaning and Jet Tuning Service Business Ideas,"carburetor cleaning business ideas, mechanic startup India",Mechanics,"Under ₹5,000",Cleaning motorcycle carburetors and adjusting air-fuel mixture screws for better mileage.
81,Two-Wheeler Doorstep Periodic Servicing,8,Motorcycle Clutch Cable Adjustment and Lubrication Service Business Ideas,"bike clutch repair business ideas, mobile startup",Mechanics,"Under ₹1,000",Lubricating wire clutch cables and adjusting lever play on motorcycles.
81,Two-Wheeler Doorstep Periodic Servicing,9,Two-Wheeler Doorstep Waterless Polish and Detailing Service Business Ideas,"bike detailing business ideas, mobile service startup India",Detailers,"Under ₹5,000",Executing waterless cleaning and protective wax polishing on parked motorcycles.
81,Two-Wheeler Doorstep Periodic Servicing,10,Scooter Headlight LED Upgrade and Electrical Wiring Repair Service Business Ideas,"bike electrical repair business ideas, startup India",Auto electricians,"Under ₹5,000",Upgrading dim stock scooter headlights to bright energy-efficient LED bulbs.
82,Car Anti-Rust Coating at Home,1,Car Underbody Anti-Rust Bitumen Coating Application Service Business Ideas,"car anti rust coating business ideas, auto care startup",Detailing technicians,"Under ₹10,000",Lifting cars on portable jacks to spray protective anti-rust bitumen coatings on undercarriages.
82,Car Anti-Rust Coating at Home,2,Car Door Cavity Anti-Rust Wax Injection Service Business Ideas,"car rust protection business ideas, auto startup India",Detailers,"Under ₹5,000",Injecting anti-corrosion cavity wax inside car doors and rocker panels to prevent rust.
82,Car Anti-Rust Coating at Home,3,Car Silencer Anti-Rust High-Temperature Coating Service Business Ideas,"silencer coating business ideas, car care startup India",Technicians,"Under ₹5,000",Applying heat-resistant aluminum anti-rust paint to car exhaust pipes and silencers.
82,Car Anti-Rust Coating at Home,4,Car Brake Caliper Rust Removal and Painting Service Business Ideas,"brake caliper painting business ideas, auto detailing startup",Detailers,"Under ₹5,000",Cleaning rust and painting car brake calipers with heat-resistant enamel colors.
82,Car Anti-Rust Coating at Home,5,Car Wheel Arch Plastic Liner Anti-Rust Protection Service Business Ideas,"wheel arch coating business ideas, car care startup",Technicians,"Under ₹5,000",Applying anti-chip rubberized coatings inside car wheel arch fender wells.
82,Car Anti-Rust Coating at Home,6,Classic Car Chrome Trim Rust Removal and Polishing Service Business Ideas,"chrome polishing business ideas, vintage car startup India",Restorers,"Under ₹5,000",Using fine compounds and wool pads to polish rust spots off vintage car chrome bumpers.
82,Car Anti-Rust Coating at Home,7,Car Battery Terminal Anti-Corrosion Washer Installation Service Business Ideas,"battery anti corrosion business ideas, startup India",Mechanics,"Under ₹1,000",Fitting anti-corrosion grease washers and terminal protectors on car batteries.
82,Car Anti-Rust Coating at Home,8,Car Subframe Rust Treatment and Rust Converter Application Business Ideas,"rust converter business ideas, auto care startup India",Technicians,"Under ₹5,000",Applying chemical rust converter liquids to chemically neutralize suspension rust.
82,Car Anti-Rust Coating at Home,9,Car Door Hinge and Latch Anti-Rust Lubrication Service Business Ideas,"car hinge lubrication business ideas, startup India",Detailers,"Under ₹1,000",Cleaning and greasing car door hinges and hood latches to prevent squeaks and rust.
82,Car Anti-Rust Coating at Home,10,Car Spare Wheel Well Rust Cleaning and Sealing Service Business Ideas,"boot well rust repair business ideas, car startup India",Technicians,"Under ₹5,000",Cleaning standing moisture and applying rust-proof sealants in car boot spare wheel wells.
83,EV Charging Cable Management Installation,1,Home EV Wall Box Charger Installation Coordination Service Business Ideas,"EV charger installation business ideas, electric vehicle startup",Certified electricians,"Under ₹10,000",Installing dedicated high-current AC wall-box EV chargers in residential parking spots.
83,EV Charging Cable Management Installation,2,Retractable EV Charging Cable Reel Installation Service Business Ideas,"EV cable management business ideas, startup India",Technicians,"Under ₹5,000",Mounting spring-loaded retractable cable reels on garage walls for neat EV charging.
83,EV Charging Cable Management Installation,3,Apartment Society Shared EV Charging Metering Unit Setup Business Ideas,"society EV charging business ideas, proptech startup India",Electricians,"Under ₹20,000",Installing sub-meters and RFID card readers for shared EV chargers in apartment basements.
83,EV Charging Cable Management Installation,4,Portable EV Charger Weatherproof Enclosure Box Installation Service Business Ideas,"EV charger box business ideas, startup India",Handymen,"Under ₹5,000",Mounting lockable weatherproof metal protection boxes for outdoor EV plug sockets.
83,EV Charging Cable Management Installation,5,EV Charging Cable Heavy-Duty Protective Ramp Installation Business Ideas,"EV cable ramp business ideas, safety startup India",Suppliers,"Under ₹5,000",Placing rubber floor cable protector ramps across walkways where EV wires run.
83,EV Charging Cable Management Installation,6,Solar Powered EV Charging Canopy Setup Consultation Service Business Ideas,"solar EV charging business ideas, green energy startup",Solar installers,"Under ₹50,000",Designing rooftop solar micro-generation setups paired with home EV chargers.
83,EV Charging Cable Management Installation,7,Two-Wheeler EV Portable Charger Wall Bracket Installation Service Business Ideas,"two wheeler EV charger mount business ideas, startup",Handymen,"Under ₹1,000",Installing secure wall storage hooks and brackets for electric scooter chargers.
83,EV Charging Cable Management Installation,8,EV Charging Cable Anti-Theft Lock Installation Service Business Ideas,"EV cable lock business ideas, electric vehicle startup India",Technicians,"Under ₹1,000",Fitting secure steel locking mechanisms to prevent EV charging cable theft in public parks.
83,EV Charging Cable Management Installation,9,Electric Vehicle On-Board Charger Diagnostic and Reset Service Business Ideas,"EV charger repair business ideas, startup India",Electronics techs,"Under ₹10,000",Troubleshooting and testing portable EV charging brick error lights and fuses.
83,EV Charging Cable Management Installation,10,Apartment Parking Bay Heavy Cabling Laying Service for EVs Business Ideas,"EV cabling business ideas, electrical startup India",Electricians,"Under ₹20,000",Running armored copper electrical supply cables from apartment meters to parking bays.
84,Secondhand Car Documentation Brokerage,1,Used Car Ownership Transfer and RTO Paperwork Agency Business Ideas,"RTO transfer agency business ideas, used car startup India",RTO agents,"Under ₹5,000","Managing Form 29, 30, and ownership transfer paperwork at regional transport offices."
84,Secondhand Car Documentation Brokerage,2,Used Car Hypothecation Removal and Bank NOC Service Business Ideas,"hypothecation removal business ideas, auto startup India",Documentation brokers,"Under ₹1,000",Assisting car owners in obtaining loan closure NOCs and removing hypothecation from RTO.
84,Secondhand Car Documentation Brokerage,3,Secondhand Car Comprehensive Insurance Transfer Service Business Ideas,"car insurance transfer business ideas, startup India",Insurance brokers,"Under ₹1,000",Transferring existing car insurance no-claim bonuses and policies to new vehicle buyers.
84,Secondhand Car Documentation Brokerage,4,Out-of-State Vehicle Re-Registration and Road Tax Payment Agency Business Ideas,"vehicle re-registration business ideas, auto startup India",RTO consultants,"Under ₹20,000",Handling state road tax payment and re-registration paperwork for transferred cars.
84,Secondhand Car Documentation Brokerage,5,Duplicate RC Book and Fitness Certificate Issuance Agency Business Ideas,"duplicate RC business ideas, RTO startup India",Documentation agents,"Under ₹5,000",Assisting owners in obtaining duplicate registration certificates and fitness papers.
84,Secondhand Car Documentation Brokerage,6,Vintage and Classic Car Registration and Heritage Plate Agency Business Ideas,"vintage car registration business ideas, startup India",Auto consultants,"Under ₹10,000",Assisting collectors in registering vintage cars for official heritage license plates.
84,Secondhand Car Documentation Brokerage,7,Used Commercial Taxi Permit Conversion and Paperwork Agency Business Ideas,"taxi permit business ideas, transport startup India",RTO agents,"Under ₹10,000",Managing commercial yellow-plate permit transfers and fitness testing paperwork.
84,Secondhand Car Documentation Brokerage,8,Car Scrap Certificate Issuance and De-registration Service Business Ideas,"car scrapping business ideas, vehicle recycling startup",Scrap brokers,"Under ₹5,000",Processing official government vehicle scrappage certificates and de-registration.
84,Secondhand Car Documentation Brokerage,9,Car No Objection Certificate NOC Procurement for Inter-State Transfer Business Ideas,"car NOC business ideas, auto startup India",Consultants,"Under ₹1,000",Obtaining police clearance and RTO No Objection Certificates for moving cars across states.
84,Secondhand Car Documentation Brokerage,10,Used Car Fastag Transfer and Wallet Closure Service Business Ideas,"Fastag transfer business ideas, auto startup India",Agents,"Under ₹1,000",Helping used car buyers transfer Fastag accounts and close previous owner wallets.
85,Helmet and Riding Gear Sanitation Service,1,Motorcycle Helmet Deep Steam Sanitization and Odor Removal Business Ideas,"helmet cleaning business ideas, motor gear startup India",Detailing technicians,"Under ₹5,000",Using hot steam machines and anti-bacterial sprays to sanitize motorcycle helmet interiors.
85,Helmet and Riding Gear Sanitation Service,2,Riding Jacket and Pants Heavy Wash and Waterproofing Service Business Ideas,"riding gear cleaning business ideas, startup India",Cleaners,"Under ₹5,000",Washing armored motorcycle riding jackets and reapplying waterproof membrane sprays.
85,Helmet and Riding Gear Sanitation Service,3,Leather Riding Gloves Conditioning and Sanitization Service Business Ideas,"riding glove cleaning business ideas, startup India",Leather care pros,"Under ₹1,000",Cleaning sweat and conditioning leather motorcycle touring gloves.
85,Helmet and Riding Gear Sanitation Service,4,Motorcycle Helmet Visor Anti-Fog Coating Application Service Business Ideas,"helmet visor anti fog business ideas, startup India",Technicians,"Under ₹1,000",Applying anti-fog transparent film inserts onto motorcycle helmet visors for monsoons.
85,Helmet and Riding Gear Sanitation Service,5,Riding Boots Anti-Bacterial Deodorizing and Polishing Service Business Ideas,"riding boot cleaning business ideas, startup India",Cobblers,"Under ₹5,000",Sanitizing leather motorcycle touring boots and conditioning against mud and rain.
85,Helmet and Riding Gear Sanitation Service,6,Intercom Bluetooth Headset Installation and Helmet Wiring Service Business Ideas,"helmet intercom installation business ideas, startup",Tech installers,"Under ₹1,000",Mounting wireless Bluetooth intercom speakers and microphones inside helmet shells.
85,Helmet and Riding Gear Sanitation Service,7,Motocross Dirt Goggle Lens Replacement and Cleaning Service Business Ideas,"goggle cleaning business ideas, startup India",Gear technicians,"Under ₹1,000",Replacing scratched off-road dirt bike goggles and cleaning elastic strap bands.
85,Helmet and Riding Gear Sanitation Service,8,Reflective Safety Vest and Gear Printing Service for Riders Business Ideas,"rider safety vest business ideas, startup India",Print shops,"Under ₹5,000",Printing high-visibility reflective safety logos onto motorcycle riding vests.
85,Helmet and Riding Gear Sanitation Service,9,Motorcycle Saddlebag and Tank Bag Wash and Waterproofing Service Business Ideas,"luggage cleaning business ideas, startup India",Cleaners,"Under ₹5,000",Scrubbing mud and applying waterproof rain covers to motorcycle soft luggage bags.
85,Helmet and Riding Gear Sanitation Service,10,Helmet Chin Strap and Buckle Repair Service Business Ideas,"helmet repair business ideas, startup India",Tailors,"Under ₹1,000",Stitching torn nylon helmet chin straps and replacing broken plastic ratchet buckles.
86,Local B2B Directory Verification Agency,1,Neighborhood Kirana Store Business Listing Verification Agency Business Ideas,"local listing verification business ideas, B2B startup India",Field auditors,"Under ₹1,000","Visiting local shops to verify phone numbers, addresses, and GPS coordinates for directories."
86,Local B2B Directory Verification Agency,2,Small Scale Industrial Estate Directory Data Collection Business Ideas,"industrial directory business ideas, B2B startup India",Data collectors,"Under ₹5,000",Visiting manufacturing clusters to compile verified contact directories of factory owners.
86,Local B2B Directory Verification Agency,3,Local Doctor Clinic Operating Hours and Specialization Verification Service Business Ideas,"clinic directory business ideas, healthcare startup India",Field researchers,"Under ₹1,000",Verifying doctor consultation timings and clinic addresses for healthcare directories.
86,Local B2B Directory Verification Agency,4,Restaurant and Cloud Kitchen FSSAI License Verification Field Service Business Ideas,"restaurant verification business ideas, food startup India",Auditors,"Under ₹1,000",Checking physical FSSAI food safety license display and validity for local eateries.
86,Local B2B Directory Verification Agency,5,Automobile Repair Garage and Spare Parts Shop Directory Verification Business Ideas,"garage directory business ideas, auto startup India",Field agents,"Under ₹1,000",Collecting active contact details and service specializations of local car mechanics.
86,Local B2B Directory Verification Agency,6,Coaching Institute and School Directory Data Auditing Service Business Ideas,"school directory business ideas, education startup India",Researchers,"Under ₹1,000",Verifying tuition center locations and course offerings for education directories.
86,Local B2B Directory Verification Agency,7,Local Hardware and Electrical Store Inventory Directory Service Business Ideas,"hardware directory business ideas, retail startup India",Field workers,"Under ₹1,000",Recording wholesale building material suppliers and hardware stores for B2B lists.
86,Local B2B Directory Verification Agency,8,Local Tailor and Boutique Directory Mapping Agency Business Ideas,"boutique directory business ideas, fashion startup India",Field agents,"Under ₹1,000",Mapping neighborhood custom tailoring shops and boutique services for local apps.
86,Local B2B Directory Verification Agency,9,Hotel and Homestay Verification and Photo Audit Agency Business Ideas,"hotel verification business ideas, hospitality startup India",Auditors,"Under ₹5,000",Inspecting and photographing budget hotels and homestays for travel directory apps.
86,Local B2B Directory Verification Agency,10,Wholesale Textile Market Trader Directory Compilation Service Business Ideas,"textile directory business ideas, B2B startup India",Market researchers,"Under ₹5,000",Visiting wholesale textile mandis to list cloth trader phone numbers and specialties.
87,Small Business Google My Business Optimization,1,Local Bakery Google My Business Setup and Optimization Service Business Ideas,"GMB optimization business ideas, local SEO startup India",Digital marketers,"Under ₹1,000","Optimizing Google Maps listings with keyword titles, photos, and posts for bakeries."
87,Small Business Google My Business Optimization,2,Plumber and Electrician Google Maps Ranking Service Business Ideas,"local SEO business ideas, service startup India",SEO specialists,"Under ₹1,000",Helping local home service technicians rank in top 3 Google local pack results.
87,Small Business Google My Business Optimization,3,Neighborhood Clinic Review Generation and Response Management Service Business Ideas,"review management business ideas, healthcare startup India",Marketers,"Under ₹1,000",Setting up automated SMS review requests and managing patient replies for doctors.
87,Small Business Google My Business Optimization,4,Local Restaurant Menu Upload and GMB Food Menu Integration Service Business Ideas,"restaurant GMB business ideas, food startup India",Digital assistants,"Under ₹1,000",Uploading high-resolution food menus and opening hours to restaurant map listings.
87,Small Business Google My Business Optimization,5,Multi-Location Retail Store GMB Chain Management Service Business Ideas,"chain GMB business ideas, retail startup India",Digital agencies,"Under ₹5,000",Managing and updating branch store addresses and hours for retail chains.
87,Small Business Google My Business Optimization,6,Car Service Garage Google Maps SEO and Photo Tour Service Business Ideas,"garage GMB business ideas, auto startup India",Marketers,"Under ₹1,000",Shooting 360-degree store photos and optimizing map listings for auto repair shops.
87,Small Business Google My Business Optimization,7,Real Estate Agent Google Business Profile Optimization Service Business Ideas,"real estate GMB business ideas, proptech startup India",SEO writers,"Under ₹1,000",Creating optimized service area map listings for independent real estate brokers.
87,Small Business Google My Business Optimization,8,Boutique Clothing Store GMB Product Catalog Sync Service Business Ideas,"boutique GMB business ideas, fashion startup India",Marketers,"Under ₹1,000",Syncing product inventory catalogs directly onto Google Business profile panels.
87,Small Business Google My Business Optimization,9,Yoga Studio Google Maps Ranking and Class Booking Setup Business Ideasyoga,"yoga studio GMB business ideas, fitness startup India",Digital consultants,"Under ₹1,000",Integrating online class booking buttons into local yoga studio map listings.
87,Small Business Google My Business Optimization,10,Suspended Google Business Profile Reinstatement and Appeal Service Business Ideas,"GMB reinstatement business ideas, SEO startup India",SEO experts,"Under ₹1,000",Submitting documentation evidence to Google support to reinstate suspended local listings.
88,Local Retail Inventory Barcoding Support,1,Neighborhood Kirana Store Barcode Generation and Tagging Service Business Ideas,"retail barcoding business ideas, store startup India",Tech operators,"Under ₹5,000",Printing and sticking barcode labels onto unbarcoded grocery items for kirana billing.
88,Local Retail Inventory Barcoding Support,2,Clothing Boutique Price Tag Barcoding and Scanning Setup Business Ideas,"boutique barcoding business ideas, retail startup India",Retail assistants,"Under ₹1,000",Attaching barcode swing tags onto ethnic wear garments for store POS software.
88,Local Retail Inventory Barcoding Support,3,Hardware Store Nut Bolt Bin Barcoding and Inventory Service Business Ideas,"hardware barcoding business ideas, retail startup India",Inventory clerks,"Under ₹5,000","Sorting and barcoding thousands of small hardware nuts, bolts, and pipe fittings."
88,Local Retail Inventory Barcoding Support,4,Pharmacy Medicine Strip Barcode Scanning and Database Entry Business Ideas,"pharmacy barcoding business ideas, healthcare startup India",Pharmacy techs,"Under ₹1,000",Scanning medicine batch barcodes to update local chemist point-of-sale systems.
88,Local Retail Inventory Barcoding Support,5,Optical Store Frame Barcoding and Inventory Management Service Business Ideas,"optical barcoding business ideas, retail startup India",Store assistants,"Under ₹1,000",Tagging spectacle frames and sunglasses with barcode labels for inventory tracking.
88,Local Retail Inventory Barcoding Support,6,Bookstore Paperback Barcoding and Shelf Categorization Service Business Ideas,"bookstore barcoding business ideas, retail startup",Library techs,"Under ₹1,000",Applying ISBN and store barcodes to independent bookstore paperback inventories.
88,Local Retail Inventory Barcoding Support,7,Footwear Retail Box Barcoding and Size Tagging Service Business Ideas,"footwear barcoding business ideas, retail startup India",Inventory workers,"Under ₹1,000",Sticking size and style barcode labels onto shoe boxes for footwear stores.
88,Local Retail Inventory Barcoding Support,8,E-Commerce Warehouse SKU Barcode Label Printing Service Business Ideas,"warehouse barcoding business ideas, ecommerce startup",Logistics operators,"Under ₹5,000",Printing thermal barcode labels for unbranded items in e-commerce fulfillment hubs.
88,Local Retail Inventory Barcoding Support,9,Electrical Lighting Shop Inventory Barcoding Service Business Ideas,"electrical store barcoding business ideas, startup India",Inventory clerks,"Under ₹1,000","Tagging bulbs, switches, and wire bundles with barcodes for quick store billing."
88,Local Retail Inventory Barcoding Support,10,Organic Grocery Store Produce Barcoding Scale Setup Service Business Ideas,"produce barcoding business ideas, retail startup India",Tech assistants,"Under ₹5,000",Configuring barcode label-printing weighing scales for organic vegetable shops.
89,Vendor Background Verification Services,1,Domestic Help and Maid Background Police Verification Agency Business Ideas,"maid verification business ideas, security startup India",Security investigators,"Under ₹5,000","Verifying identity proofs, previous employer feedback, and police records for home maids."
89,Vendor Background Verification Services,2,Driver License and Employment Background Verification Service Business Ideas,"driver verification business ideas, security startup India",Investigators,"Under ₹5,000","Checking driving license authenticity, eyesight test records, and past employer history."
89,Vendor Background Verification Services,3,Small Business Supplier Company Credit and Background Check Agency Business Ideas,"vendor background check business ideas, B2B startup India",Financial analysts,"Under ₹10,000",Checking company registration and financial standing of new B2B product suppliers.
89,Vendor Background Verification Services,4,Apartment Security Guard Agency Background Credential Audit Business Ideas,"security guard verification business ideas, startup India",Security auditors,"Under ₹5,000",Verifying training certificates and police character verification for security guards.
89,Vendor Background Verification Services,5,Co-Living Property Cook and Housekeeping Staff Background Check Business Ideas,"staff verification business ideas, startup India",Investigators,"Under ₹5,000",Conducting background reference checks for residential co-living cooking staff.
89,Vendor Background Verification Services,6,Freelance Contractor Identity and Portfolio Verification Service Business Ideas,"contractor verification business ideas, startup India",Agency auditors,"Under ₹1,000",Verifying identity and past client work claims of freelance interior contractors.
89,Vendor Background Verification Services,7,Warehouse Laborer Aadhaar and Criminal Record Verification Service Business Ideas,"laborer verification business ideas, logistics startup",Investigators,"Under ₹5,000",Verifying identity and background records for temporary warehouse sorting staff.
89,Vendor Background Verification Services,8,Nanny and Child Caretaker Background and Reference Check Agency Business Ideas,"nanny verification business ideas, childcare startup India",Investigators,"Under ₹5,000",Conducting thorough background checks and medical screenings for child nannies.
89,Vendor Background Verification Services,9,Electrician and Plumber Home Service Provider Credential Verification Business Ideas,"handyman verification business ideas, home service startup",Investigators,"Under ₹1,000",Verifying skill trade certificates and identity proofs for platform handymen.
89,Vendor Background Verification Services,10,Office Janitorial Staff Background Screening and KYC Service Business Ideas,"janitorial verification business ideas, corporate startup",Auditors,"Under ₹5,000",Verifying background documents for outsourced office cleaning personnel.
90,Micro-Retail POS Software Setup Support,1,Kirana Store Android POS Tablet Setup and Training Service Business Ideas,"POS setup business ideas, retail tech startup India",Tech assistants,"Under ₹5,000",Installing billing POS software on tablets and pairing thermal receipt printers for shops.
90,Micro-Retail POS Software Setup Support,2,Café Billing Touchscreen POS Configuration and Menu Upload Service Business Ideas,"café POS business ideas, restaurant tech startup India",Software setup techs,"Under ₹5,000","Configuring cloud POS menus, tax rates, and kitchen display printers for cafes."
90,Micro-Retail POS Software Setup Support,3,Clothing Boutique Barcode POS Hardware Integration Service Business Ideas,"boutique POS business ideas, retail startup India",Tech operators,"Under ₹5,000",Connecting barcode scanners and cash drawers to computer billing software in stores.
90,Micro-Retail POS Software Setup Support,4,Pharmacy Billing Software Inventory Upload and Drug Database Setup Business Ideas,"pharmacy software business ideas, healthcare tech startup",Tech assistants,"Under ₹5,000",Loading medicine salt databases and inventory items into chemist POS software.
90,Micro-Retail POS Software Setup Support,5,Mobile Repair Shop Service Ticket POS Software Installation Business Ideas,"repair shop software business ideas, tech startup India",Software setup techs,"Under ₹1,000",Installing repair tracking and customer SMS notification POS software for shops.
90,Micro-Retail POS Software Setup Support,6,Sweet Shop Electronic Weighing Scale and POS Integration Service Business Ideas,"sweet shop POS business ideas, retail startup India",Tech operators,"Under ₹5,000",Pairing electronic weighing scales directly with point-of-sale billing computers.
90,Micro-Retail POS Software Setup Support,7,Saloon and Spa Appointment Booking POS Software Setup Business Ideas,"saloon POS business ideas, beauty startup India",Tech assistants,"Under ₹1,000",Configuring staff commission tracking and appointment calendar software for salons.
90,Micro-Retail POS Software Setup Support,8,Vegetable Store Electronic Scale and UPI QR POS Setup Business Ideas,"vegetable store billing business ideas, retail startup",Tech assistants,"Under ₹1,000",Setting up simple tablet POS billing and soundbox UPI QR codes for produce shops.
90,Micro-Retail POS Software Setup Support,9,Bakery POS Software Recipe Ingredient Inventory Tracking Setup Business Ideas,"bakery POS business ideas, food tech startup India",Tech consultants,"Under ₹5,000",Configuring raw material inventory deduction rules in bakery billing software.
90,Micro-Retail POS Software Setup Support,10,Hardware Store Multi-Unit Inventory POS Software Configuration Business Ideas,"hardware POS business ideas, retail tech startup India",Software techs,"Under ₹5,000","Setting up box, piece, and kilogram multi-unit inventory rules in hardware POS."
91,Handcrafted Leather Footwear Reselling,1,Traditional Leather Jutti Direct-to-Consumer Reselling Business Ideas,"leather jutti business ideas, footwear startup India",Fashion entrepreneurs,"Under ₹10,000",Sourcing handcrafted leather juttis from rural artisans and selling online via D2C.
91,Handcrafted Leather Footwear Reselling,2,Handmade Leather Office Brogue Reselling Agency Business Ideas,"leather shoe business ideas, footwear startup India",Shoe curators,"Under ₹50,000",Sourcing Goodyear-welted leather shoes from artisan clusters for online retail.
91,Handcrafted Leather Footwear Reselling,3,Ethnic Kolhapur Chappal Direct-to-Consumer Brand Business Ideas,"Kolhapuri chappal business ideas, footwear startup India",Craft curators,"Under ₹10,000",Sourcing authentic vegetable-tanned leather sandals from rural makers for online sales.
91,Handcrafted Leather Footwear Reselling,4,Handcrafted Leather Sandals and Slip-On Reselling Business Ideas,"leather sandal business ideas, footwear startup India",Entrepreneurs,"Under ₹10,000",Curating and reselling comfortable casual leather footwear made by local artisans.
91,Handcrafted Leather Footwear Reselling,5,Custom Engraved Leather Footwear Personalization Agency Business Ideas,"custom leather shoes business ideas, startup India",Shoe artists,"Under ₹10,000",Adding custom laser-engraved initials and monograms to leather shoes before shipping.
91,Handcrafted Leather Footwear Reselling,6,Leather Mule and Slipper Direct-to-Consumer Reselling Business Ideas,"leather mule business ideas, footwear startup India",Designers,"Under ₹10,000",Sourcing comfortable slip-on leather mules from artisan workshops for online retail.
91,Handcrafted Leather Footwear Reselling,7,Handmade Leather Boot Reselling and Curation Agency Business Ideas,"leather boot business ideas, footwear startup India",Boot enthusiasts,"Under ₹50,000",Curating rugged handmade leather riding boots from independent Indian makers.
91,Handcrafted Leather Footwear Reselling,8,Vegan Plant-Based Leather Footwear Reselling Business Ideas,"vegan leather business ideas, sustainable footwear startup",Eco entrepreneurs,"Under ₹10,000",Sourcing cactus and apple-skin plant leather shoes for ethical consumers.
91,Handcrafted Leather Footwear Reselling,9,Traditional Mojari Wedding Footwear Curation Service Business Ideas,"wedding footwear business ideas, startup India",Bridal curators,"Under ₹10,000",Curating heavily embroidered wedding mojaris for grooms and selling online.
91,Handcrafted Leather Footwear Reselling,10,Leather Footwear Care Kit Bundling and Reselling Business Ideas,"shoe care kit business ideas, startup India",Product curators,"Under ₹5,000",Bundling horsehair brushes and beeswax polish with handcrafted leather shoes.
92,Traditional Silver Jewelry Micro-D2C,1,Handcrafted Silver Toe Ring Toe-Ring Micro-D2C Brand Business Ideas,"silver jewelry business ideas, D2C startup India", Jewelry designers,"Under ₹10,000",Sourcing 925 sterling silver toe rings from silversmiths and selling online.
92,Traditional Silver Jewelry Micro-D2C,2,Oxidized Silver Temple Jhumka Earring Reselling Business Ideas,"oxidized silver business ideas, jewelry startup India",Curators,"Under ₹10,000",Curating traditional handcrafted oxidized silver earrings for ethnic wear buyers.
92,Traditional Silver Jewelry Micro-D2C,3,Handmade Silver Ghungroo Anklet Direct-to-Consumer Brand Business Ideas,"silver anklet business ideas, jewelry startup India",Jewelry makers,"Under ₹10,000",Sourcing and selling delicate handmade silver ankle bracelets with small bells.
92,Traditional Silver Jewelry Micro-D2C,4,Minimalist Sterling Silver Daily Wear Pendant Reselling Business Ideas,"silver pendant business ideas, D2C startup India",Designers,"Under ₹10,000",Curating minimalist 925 sterling silver necklaces for modern working women.
92,Traditional Silver Jewelry Micro-D2C,5,Traditional Ethnic Silver Waist Band Tagadi Micro-D2C Business Ideas,"silver waist band business ideas, jewelry startup",Artisans,"Under ₹50,000",Sourcing traditional handcrafted silver waist chains for festive wear buyers.
92,Traditional Silver Jewelry Micro-D2C,6,Handcrafted Silver Nose Pin Micro-Collection Reselling Business Ideas,"silver nose pin business ideas, jewelry startup India",Curators,"Under ₹5,000",Curating clip-on and pierce silver nose rings and pins from artisan clusters.
92,Traditional Silver Jewelry Micro-D2C,7,Gemstone Embedded Silver Ring Micro-D2C Brand Business Ideas,"silver ring business ideas, gemstone jewelry startup",Gemstone curators,"Under ₹20,000",Setting natural semi-precious stones into handcrafted sterling silver rings.
92,Traditional Silver Jewelry Micro-D2C,8,Men Ethnic Silver Kada Bracelet Micro-D2C Brand Business Ideas,"silver kada business ideas, men jewelry startup India",Designers,"Under ₹20,000",Sourcing solid 925 sterling silver heavy kadas for men and selling online.
92,Traditional Silver Jewelry Micro-D2C,9,Antique Silver Coin Necklace Direct-to-Consumer Brand Business Ideas,"coin necklace business ideas, jewelry startup India",Curators,"Under ₹20,000",Replicating traditional heritage coin necklaces in oxidized sterling silver.
92,Traditional Silver Jewelry Micro-D2C,10,Silver Baby Bangles and Ghungroo Bracelet Micro-Brand Business Ideas,"baby silver jewelry business ideas, startup India",Jewelry makers,"Under ₹10,000",Crafting adjustable lightweight silver bangles for newborn babies.
93,Organic Cotton Baby Clothing Line,1,Natural Plant-Dyed Organic Cotton Baby Jabla Manufacturing Business Ideas,"organic baby clothing business ideas, D2C startup India",Home tailors,"Under ₹10,000",Stitching breathable organic un-dyed cotton baby jablas with natural coconut buttons.
93,Organic Cotton Baby Clothing Line,2,Muslin Cotton Swaddle Blanket Direct-to-Consumer Brand Business Ideas,"muslin swaddle business ideas, baby startup India",Textile designers,"Under ₹10,000",Printing block-print motifs on soft organic cotton muslin baby swaddle blankets.
93,Organic Cotton Baby Clothing Line,3,Organic Cotton Baby Romper and Sleepsuit Manufacturing Business Ideas,"baby romper business ideas, apparel startup India",Garment makers,"Under ₹50,000",Manufacturing tagless organic cotton baby sleepsuits with front snap buttons.
93,Organic Cotton Baby Clothing Line,4,Handknitted Organic Cotton Baby Booties and Bonnet Production Business Ideas,"baby knitwear business ideas, craft startup India",Women knitters,"Under ₹5,000",Hand-knitting soft organic cotton yarn booties and caps for newborns.
93,Organic Cotton Baby Clothing Line,5,Chemical-Free Baby Bib and Burp Cloth Sewing Agency Business Ideas,"baby bib business ideas, textile startup India",Tailors,"Under ₹5,000",Stitching multi-layer absorbent organic cotton burp cloths and bandana bibs.
93,Organic Cotton Baby Clothing Line,6,Natural Indigo Printed Toddler Summer Dress Manufacturing Business Ideas,"organic kids wear business ideas, fashion startup India",Designers,"Under ₹10,000",Stitching comfortable cotton summer dresses dyed with natural indigo blocks.
93,Organic Cotton Baby Clothing Line,7,Organic Cotton Crib Sheet and Pillow Cover Set Production Business Ideas,"crib bedding business ideas, baby startup India",Home textile makers,"Under ₹10,000",Sewing fitted organic cotton cot sheets and flat pillow covers for infants.
93,Organic Cotton Baby Clothing Line,8,Handloom Cotton Baby Bath Towel and Washcloth Set Business Ideas,"baby towel business ideas, startup India",Textile artisans,"Under ₹5,000",Weaving ultra-soft absorbent unbleached cotton loop towels for baby bathing.
93,Organic Cotton Baby Clothing Line,9,Zero-Waste Baby Cloth Diaper Cover Sewing Agency Business Ideas,"cloth diaper business ideas, eco baby startup India",Tailors,"Under ₹10,000",Stitching washable waterproof PUL and organic cotton pocket cloth diapers.
93,Organic Cotton Baby Clothing Line,10,Matching Mother-Baby Organic Cotton Loungewear Line Business Ideas,"mom and baby clothing business ideas, startup India",Fashion makers,"Under ₹50,000",Stitching matching organic cotton loungewear sets for mothers and toddlers.
94,Terracotta Cookware Direct-to-Consumer,1,Unglazed Terracotta Cooking Pot Direct-to-Consumer Brand Business Ideas,"terracotta cookware business ideas, kitchenware startup India",Pottery curators,"Under ₹10,000",Sourcing lead-free seasoned terracotta cooking handis and selling online.
94,Terracotta Cookware Direct-to-Consumer,2,Terracotta Curd Setter Pot Direct-to-Consumer Brand Business Ideas,"clay curd pot business ideas, kitchenware startup India",Potters,"Under ₹5,000",Sourcing porous clay yogurt setting pots that yield thick traditional curd.
94,Terracotta Cookware Direct-to-Consumer,3,Handmade Terracotta Water Jug and Tumbler Set Micro-D2C Business Ideas,"clay water jug business ideas, kitchen startup India",Artisans,"Under ₹10,000",Curating natural cooling clay pitchers and cups for chemical-free drinking water.
94,Terracotta Cookware Direct-to-Consumer,4,Terracotta Biryani Pot with Lid Direct-to-Consumer Brand Business Ideas,"clay biryani pot business ideas, cookware startup India",Potters,"Under ₹10,000",Supplying heavy unglazed clay pots designed for slow-cooking authentic biryani.
94,Terracotta Cookware Direct-to-Consumer,5,Unglazed Clay Frying Pan Tawa Direct-to-Consumer Brand Business Ideas,"clay tawa business ideas, cookware startup India",Craft curators,"Under ₹10,000",Sourcing flat earthenware griddles for oil-free traditional flatbread making.
94,Terracotta Cookware Direct-to-Consumer,6,Terracotta Garlic Keeper and Onion Storage Jar Production Business Ideas,"garlic keeper business ideas, kitchen decor startup",Potters,"Under ₹5,000",Crafting ventilated breathable clay storage jars for keeping garlic and onions fresh.
94,Terracotta Cookware Direct-to-Consumer,7,Terracotta Spice Box Anjarai Petti Direct-to-Consumer Brand Business Ideas,"clay spice box business ideas, kitchenware startup India",Artisans,"Under ₹10,000",Crafting traditional multi-compartment clay spice storage boxes with lids.
94,Terracotta Cookware Direct-to-Consumer,8,Terracotta Mortar and Pestle Grinding Bowl Production Business Ideas,"mortar and pestle business ideas, kitchen startup India",Potters,"Under ₹5,000",Shaping heavy unglazed clay pestle and mortar sets for herb grinding.
94,Terracotta Cookware Direct-to-Consumer,9,Terracotta Tea Pot and Kullad Cup Set Direct-to-Consumer Brand Business Ideas,"clay teapot business ideas, kitchenware startup India",Craftsmen,"Under ₹10,000",Curating rustic clay teapots and matching cups for slow-brewed herbal teas.
94,Terracotta Cookware Direct-to-Consumer,10,Terracotta Baking Dish and Casserole Dish Direct-to-Consumer Brand Business Ideas,"clay baking dish business ideas, cookware startup",Potters,"Under ₹10,000",Designing oven-safe glazed terracotta casserole dishes for modern kitchens.
95,Regional Pickle and Preserve D2C Brand,1,Traditional Andhra Mango Pickle Direct-to-Consumer Brand Business Ideas,"mango pickle business ideas, food startup India",Home cooks,"Under ₹10,000",Brewing spicy raw mango and sesame oil pickles using traditional family recipes.
95,Regional Pickle and Preserve D2C Brand,2,Lemon and Green Chilli Pickle Micro-D2C Brand Business Ideas,"lemon pickle business ideas, food startup India",Homemakers,"Under ₹5,000",Making sun-ripened acidic lemon and green chilli pickles in small glass jars.
95,Regional Pickle and Preserve D2C Brand,3,Rajasthani Ker Sangri Traditional Pickle Direct-to-Consumer Brand Business Ideas,"Ker Sangri pickle business ideas, ethnic food startup",Rural cooks,"Under ₹10,000",Sourcing desert beans and berries to make authentic Rajasthani gourmet pickles.
95,Regional Pickle and Preserve D2C Brand,4,Sweet and Sour Grated Mango Chunda Direct-to-Consumer Brand Business Ideas,"mango chunda business ideas, Gujarati pickle startup India",Homemakers,"Under ₹10,000",Sun-cooking grated raw mangoes with sugar and spices into traditional chunda.
95,Regional Pickle and Preserve D2C Brand,5,Garlic Lahsun Pickle Direct-to-Consumer Brand Business Ideas,"garlic pickle business ideas, food startup India",Home chefs,"Under ₹5,000",Peeling whole garlic cloves and pickling in mustard oil and aromatic spices.
95,Regional Pickle and Preserve D2C Brand,6,Northeast Bamboo Shoot Fermented Pickle Micro-D2C Brand Business Ideas,"bamboo shoot pickle business ideas, ethnic food startup",Entrepreneurs,"Under ₹10,000",Fermenting tender bamboo shoots with ghost chili peppers for niche food lovers.
95,Regional Pickle and Preserve D2C Brand,7,Stuffed Red Chilli Lal Mirchi Pickle Direct-to-Consumer Brand Business Ideas,"stuffed chilli pickle business ideas, food startup India",Homemakers,"Under ₹10,000",Stuffing large red chillies with mustard seeds and spices before sun-pickling in oil.
95,Regional Pickle and Preserve D2C Brand,8,Mixed Vegetable Achaar Direct-to-Consumer Brand Business Ideas,"mixed vegetable pickle business ideas, food startup India",Home cooks,"Under ₹5,000","Pickling seasonal cauliflower, carrots, and turnips in spicy mustard oil."
95,Regional Pickle and Preserve D2C Brand,9,Prawn and Fish Seafood Pickle Direct-to-Consumer Brand Business Ideas,"seafood pickle business ideas, coastal food startup India",Coastal home cooks,"Under ₹10,000",Preparing spicy dried fish and prawn pickles packaged in airtight glass jars.
95,Regional Pickle and Preserve D2C Brand,10,Amla Gooseberry Pickle Direct-to-Consumer Brand Business Ideas,"amla pickle business ideas, health food startup India",Homemakers,"Under ₹5,000",Pickling vitamin-C rich raw amla segments in traditional spices and sesame oil.
96,AI Prompt Engineering for Small Businesses,1,Custom ChatGPT Customer Support Prompt Engineering Service Business Ideas,"ChatGPT prompt engineering business ideas, AI startup India",Tech consultants,"Under ₹1,000",Writing custom system prompts and knowledge bases for small business AI chatbots.
96,AI Prompt Engineering for Small Businesses,2,Midjourney Product Image Prompt Generation Service for D2C Brands Business Ideas,"AI image prompt business ideas, AI startup India",AI artists,"Under ₹1,000",Crafting specialized Midjourney prompts to generate high-end e-commerce product photos.
96,AI Prompt Engineering for Small Businesses,3,SEO Blog Content Prompt Workflow Design for Agencies Business Ideas,"AI content prompt business ideas, marketing startup India",AI copywriters,"Under ₹1,000",Building automated prompt chains for agencies to write SEO-optimized blog posts.
96,AI Prompt Engineering for Small Businesses,4,Real Estate Listing Description AI Prompt Customization Service Business Ideas,"real estate AI prompt business ideas, proptech startup",Tech consultants,"Under ₹1,000",Designing custom LLM prompt templates for real estate agents to write property descriptions.
96,AI Prompt Engineering for Small Businesses,5,Social Media Caption Generation Prompt Template Creation Business Ideas,"social media prompt business ideas, marketing startup India",Marketers,"Under ₹1,000",Creating tailored tone-of-voice prompt templates for small business social media managers.
96,AI Prompt Engineering for Small Businesses,6,Financial Report Summarization Prompt Engineering Service Business Ideas,"finance prompt engineering business ideas, AI startup",Data analysts,"Under ₹1,000",Building custom prompts to extract and summarize key metrics from financial PDF reports.
96,AI Prompt Engineering for Small Businesses,7,Customer Review Sentiment Analysis Prompt Design for Retailers Business Ideas,"sentiment prompt engineering business ideas, AI startup",Tech consultants,"Under ₹1,000",Writing custom AI prompts to classify and summarize customer feedback sentiment.
96,AI Prompt Engineering for Small Businesses,8,Legal Document Clause Extraction Prompt Engineering Service Business Ideas,"legal prompt engineering business ideas, AI startup India",Legal tech consultants,"Under ₹1,000",Designing LLM prompts to extract indemnity and liability clauses from contracts.
96,AI Prompt Engineering for Small Businesses,9,Multilingual Translation and Localization Prompt Design Service Business Ideas,"translation prompt engineering business ideas, AI startup",Bilingual tech consultants,"Under ₹1,000",Building specialized regional language translation prompt workflows for brands.
96,AI Prompt Engineering for Small Businesses,10,E-Commerce Product Attribute Tagging Prompt Engineering Service Business Ideas,"ecommerce prompt engineering business ideas, AI startup",Data consultants,"Under ₹1,000",Designing automated AI prompt workflows to extract clothing attributes from text.
97,Chatbot Setup for Local Retail Stores,1,WhatsApp Business AI Chatbot Setup for Neighborhood Bakeries Business Ideas,"WhatsApp chatbot business ideas, retail tech startup India",Tech setup agents,"Under ₹5,000",Configuring automated WhatsApp chatbot menus for bakery cake orders and inquiries.
97,Chatbot Setup for Local Retail Stores,2,Local Clinic Appointment Booking WhatsApp Chatbot Agency Business Ideas,"clinic chatbot business ideas, healthcare tech startup India",Tech consultants,"Under ₹5,000",Building automated WhatsApp booking chatbots for neighborhood doctor clinics.
97,Chatbot Setup for Local Retail Stores,3,Clothing Boutique Size and Stock Inquiry Chatbot Setup Business Ideas,"boutique chatbot business ideas, retail startup India",Tech setup agents,"Under ₹5,000",Setting up automated catalog browsing chatbots on Instagram and WhatsApp for boutiques.
97,Chatbot Setup for Local Retail Stores,4,Restaurant Table Reservation and Menu Bot Setup Service Business Ideas,"restaurant chatbot business ideas, hospitality startup India",Tech providers,"Under ₹5,000",Configuring automated table booking and food menu viewing chatbots for restaurants.
97,Chatbot Setup for Local Retail Stores,5,Gym Membership Inquiry and Class Schedule Chatbot Setup Business Ideas,"gym chatbot business ideas, fitness tech startup India",Tech consultants,"Under ₹5,000",Building automated lead capture chatbots for local fitness gym Instagram pages.
97,Chatbot Setup for Local Retail Stores,6,Real Estate Property Inquiry Qualification Chatbot Setup Business Ideas,"real estate chatbot business ideas, proptech startup India",Tech providers,"Under ₹5,000",Setting up automated budget and location filtering chatbots for real estate agents.
97,Chatbot Setup for Local Retail Stores,7,Car Service Garage Booking and Status Chatbot Setup Business Ideas,"garage chatbot business ideas, auto tech startup India",Tech setup agents,"Under ₹5,000",Configuring automated service appointment booking chatbots for local mechanics.
97,Chatbot Setup for Local Retail Stores,8,Optometrist Eyewear Trial Appointment Chatbot Setup Business Ideas,"optical chatbot business ideas, retail startup India",Tech providers,"Under ₹5,000",Building automated eye test booking and frame inquiry chatbots for opticians.
97,Chatbot Setup for Local Retail Stores,9,Electronics Repair Shop Status Tracking Chatbot Setup Business Ideas,"repair shop chatbot business ideas, tech startup India",Tech consultants,"Under ₹5,000",Setting up automated repair status check chatbots for mobile and laptop service stores.
97,Chatbot Setup for Local Retail Stores,10,Organic Grocery Delivery Order Collection Chatbot Setup Business Ideas,"grocery chatbot business ideas, retail startup India",Tech providers,"Under ₹5,000",Building automated grocery order list collection chatbots on WhatsApp for local stores.
98,WhatsApp Business API Setup and Automation,1,WhatsApp Business API Integration Agency for Small Retailers Business Ideas,"WhatsApp API integration business ideas, tech startup India",API developers,"Under ₹10,000",Setting up official WhatsApp Business API accounts and green tick verification for shops.
98,WhatsApp Business API Setup and Automation,2,Automated Broadcast Order Confirmation Setup for E-Commerce Sellers Business Ideas,"WhatsApp automation business ideas, ecommerce startup",Tech consultants,"Under ₹5,000",Configuring automated shipping tracking and order confirmation WhatsApp notifications.
98,WhatsApp Business API Setup and Automation,3,WhatsApp Broadcast Promotional Campaign Management Agency Business Ideas,"WhatsApp marketing business ideas, startup India",Marketers,"Under ₹5,000",Managing compliant promotional broadcast messaging campaigns on WhatsApp API.
98,WhatsApp Business API Setup and Automation,4,Automated Abandoned Cart Recovery WhatsApp Flow Setup Business Ideas,"cart recovery WhatsApp business ideas, ecommerce startup",Tech setups,"Under ₹5,000",Building automated WhatsApp reminder message flows for abandoned e-commerce carts.
98,WhatsApp Business API Setup and Automation,5,WhatsApp Customer Feedback Survey Automation Agency Business Ideas,"WhatsApp survey business ideas, startup India",Tech consultants,"Under ₹5,000",Setting up automated post-purchase review rating feedback flows on WhatsApp.
98,WhatsApp Business API Setup and Automation,6,Coaching Institute Fee Payment Reminder WhatsApp Bot Setup Business Ideas,"fee reminder WhatsApp business ideas, edtech startup",Tech providers,"Under ₹5,000",Configuring automated monthly tuition fee payment link reminders via WhatsApp.
98,WhatsApp Business API Setup and Automation,7,Real Estate Property Brochure Auto-Sender WhatsApp Bot Setup Business Ideas,"real estate WhatsApp bot business ideas, proptech startup",Tech setups,"Under ₹5,000",Building instant PDF brochure auto-reply bots for real estate Facebook ad leads.
98,WhatsApp Business API Setup and Automation,8,Hotel Booking Confirmation and Check-In Guide WhatsApp Bot Setup Business Ideas,"hotel WhatsApp bot business ideas, hospitality startup",Tech consultants,"Under ₹5,000",Configuring automated room booking confirmation and location pin bots on WhatsApp.
98,WhatsApp Business API Setup and Automation,9,Wholesale Order Placement WhatsApp Catalog Bot Setup Business Ideas,"wholesale WhatsApp catalog business ideas, B2B startup",Tech providers,"Under ₹5,000",Setting up interactive WhatsApp product catalog ordering systems for wholesale traders.
98,WhatsApp Business API Setup and Automation,10,Event Registration QR Code Ticket Dispatch WhatsApp Bot Setup Business Ideas,"event WhatsApp bot business ideas, startup India",Tech setups,"Under ₹5,000",Configuring automated QR code ticket dispatch and entry check-in bots on WhatsApp.
99,Local Influencer Campaign Management,1,Neighborhood Cafe Micro-Influencer Barter Campaign Agency Business Ideas,"micro influencer campaign business ideas, local marketing startup",Marketers,"Under ₹5,000",Connecting local cafes with food vloggers for barter meal promotions on Instagram.
99,Local Influencer Campaign Management,2,Clothing Boutique Nano-Influencer Try-On Haul Agency Business Ideas,"influencer marketing business ideas, fashion startup India",Marketers,"Under ₹10,000",Managing local college student influencers for clothing brand try-on video reels.
99,Local Influencer Campaign Management,3,Local Gym and Fitness Trainer Influencer Collaboration Agency Business Ideas,"fitness influencer business ideas, gym startup India",Marketers,"Under ₹5,000",Partnering with local fitness creators to promote neighborhood gym memberships.
99,Local Influencer Campaign Management,4,Bridal Makeup Artist Influencer Reel Campaign Agency Business Ideas,"makeup influencer business ideas, wedding startup India",Marketers,"Under ₹10,000",Managing bridal makeup transformation reel collaborations with local beauty creators.
99,Local Influencer Campaign Management,5,Dental Clinic Promotional Video Campaign with Local Creators Business Ideas,"dental influencer business ideas, healthcare startup India",Marketers,"Under ₹5,000",Coordinating dental check-up review video collaborations with regional creators.
99,Local Influencer Campaign Management,6,Bookstore Author Reading and Influencer Promotion Agency Business Ideas,"bookstore influencer business ideas, retail startup India",Marketers,"Under ₹5,000",Inviting regional literature book reviewers for store visit reading sessions.
99,Local Influencer Campaign Management,7,Local Jewelry Store Festive Campaign with Regional Creators Business Ideas,"jewelry influencer business ideas, retail startup India",Marketers,"Under ₹10,000",Managing festive jewelry showcase reel collaborations with local lifestyle creators.
99,Local Influencer Campaign Management,8,Organic Grocery Store Unboxing Campaign with Mom Influencers Business Ideas,"mom influencer business ideas, organic startup India",Marketers,"Under ₹5,000",Sending organic food hamper boxes to parenting bloggers for unboxing reels.
99,Local Influencer Campaign Management,9,Co-Living Space Launch Campaign with Student Influencers Business Ideas,"co-living influencer business ideas, startup India",Marketers,"Under ₹5,000",Managing room tour video collaborations with college student content creators.
99,Local Influencer Campaign Management,10,Local Sweet Shop Festival Gift Box Unboxing Campaign Business Ideas,"food influencer business ideas, confectionery startup India",Marketers,"Under ₹5,000",Coordinating festival mithai hamper review reels with regional food vloggers.
100,Voice Search SEO for Regional Businesses,1,Hindi Voice Search Keyword Optimization Service for Local Stores Business Ideas,"voice search SEO business ideas, local marketing startup India",SEO specialists,"Under ₹1,000",Optimizing local business map listings for conversational Hindi voice search queries.
100,Voice Search SEO for Regional Businesses,2,Tamil Conversational Search Phrase Optimization Agency Business Ideas,"Tamil voice SEO business ideas, digital marketing startup",SEO writers,"Under ₹1,000",Writing natural conversational question-answer FAQ content for Tamil local sites.
100,Voice Search SEO for Regional Businesses,3,"Local Restaurant ""Near Me"" Voice Query SEO Service Business Ideas","near me voice SEO business ideas, restaurant startup",SEO experts,"Under ₹1,000",Optimizing website schema and entity data for restaurant voice search queries.
100,Voice Search SEO for Regional Businesses,4,Marathi Voice Search FAQ Content Creation Agency Business Ideas,"Marathi voice SEO business ideas, startup India",Content writers,"Under ₹1,000",Drafting spoken-style Marathi question content for local business websites.
100,Voice Search SEO for Regional Businesses,5,Doctor Clinic Voice Search Optimization Service Business Ideas,"healthcare voice SEO business ideas, medical startup India",SEO specialists,"Under ₹1,000",Optimizing doctor clinic map profiles for voice-activated medical service searches.
100,Voice Search SEO for Regional Businesses,6,Real Estate Property Voice Query Content Optimization Business Ideas,"real estate voice SEO business ideas, proptech startup",SEO writers,"Under ₹1,000",Structuring property location web pages for smart speaker voice searches.
100,Voice Search SEO for Regional Businesses,7,Automobile Service Garage Voice Search Optimization Service Business Ideas,"auto voice SEO business ideas, startup India",SEO experts,"Under ₹1,000",Optimizing car mechanic shop listings for emergency roadside voice search queries.
100,Voice Search SEO for Regional Businesses,8,Telugu Conversational Search Content Writing Agency Business Ideas,"Telugu voice SEO business ideas, startup India",Content creators,"Under ₹1,000",Writing natural colloquial Telugu phrasing content for regional service sites.
100,Voice Search SEO for Regional Businesses,9,Gym and Fitness Studio Voice Search SEO Service Business Ideas,"fitness voice SEO business ideas, startup India",SEO specialists,"Under ₹1,000",Optimizing local fitness center map profiles for voice assistant directions.
100,Voice Search SEO for Regional Businesses,10,Smart Speaker Local Business Directory Submission Service Business Ideas,"smart speaker SEO business ideas, startup India",Tech marketers,"Under ₹1,000",Submitting local business data to smart assistant voice directories and map nodes.
